timestamp,value,metric,app,instance,job,namespace,pod_template_hash,server_name
2025-06-03 06:12:28.953999996,20.0,mc_tps,multipaper-server,10.244.140.190:9100,minecraft-server,multipaper-marina,5d4c584f66,multipaper-server-5d4c584f66-8lqsh
2025-06-03 06:12:29.953999996,20.0,mc_tps,multipaper-server,10.244.140.190:9100,minecraft-server,multipaper-marina,5d4c584f66,multipaper-server-5d4c584f66-8lqsh
2025-06-03 06:12:30.953999996,19.999990764004263,mc_tps,multipaper-server,10.244.140.190:9100,minecraft-server,multipaper-marina,5d4c584f66,multipaper-server-5d4c584f66-8lqsh
2025-06-03 06:12:31.976000071,19.999522019423544,mc_tps,multipaper-server,10.244.235.207:9100,minecraft-server,multipaper-marina,5d4c584f66,multipaper-server-5d4c584f66-4gz49
2025-06-03 06:12:32.953999996,19.999644370323736,mc_tps,multipaper-server,10.244.140.190:9100,minecraft-server,multipaper-marina,5d4c584f66,multipaper-server-5d4c584f66-8lqsh
2025-06-03 06:12:33.976000071,19.999831909412737,mc_tps,multipaper-server,10.244.235.207:9100,minecraft-server,multipaper-marina,5d4c584f66,multipaper-server-5d4c584f66-4gz49
2025-06-03 06:12:34.953999996,20.0,mc_tps,multipaper-server,10.244.140.190:9100,minecraft-server,multipaper-marina,5d4c584f66,multipaper-server-5d4c584f66-8lqsh
2025-06-03 06:12:35.976000071,19.9995599616819,mc_tps,multipaper-server,10.244.235.207:9100,minecraft-server,multipaper-marina,5d4c584f66,multipaper-server-5d4c584f66-4gz49
2025-06-03 06:12:36.953999996,19.999442807523604,mc_tps,multipaper-server,10.244.140.190:9100,minecraft-server,multipaper-marina,5d4c584f66,multipaper-server-5d4c584f66-8lqsh
2025-06-03 06:12:37.953999996,20.0,mc_tps,multipaper-server,10.244.140.190:9100,minecraft-server,multipaper-marina,5d4c584f66,multipaper-server-5d4c584f66-8lqsh
2025-06-03 06:12:38.953999996,20.0,mc_tps,multipaper-server,10.244.140.190:9100,minecraft-server,multipaper-marina,5d4c584f66,multipaper-server-5d4c584f66-8lqsh
2025-06-03 06:12:39.953999996,19.999608151677407,mc_tps,multipaper-server,10.244.140.190:9100,minecraft-server,multipaper-marina,5d4c584f66,multipaper-server-5d4c584f66-8lqsh
2025-06-03 06:12:40.953999996,19.999607271711927,mc_tps,multipaper-server,10.244.140.190:9100,minecraft-server,multipaper-marina,5d4c584f66,multipaper-server-5d4c584f66-8lqsh
2025-06-03 06:12:41.953999996,17.967194073699126,mc_tps,multipaper-server,10.244.140.190:9100,minecraft-server,multipaper-marina,5d4c584f66,multipaper-server-5d4c584f66-8lqsh
2025-06-03 06:12:42.953999996,19.94653378294371,mc_tps,multipaper-server,10.244.140.190:9100,minecraft-server,multipaper-marina,5d4c584f66,multipaper-server-5d4c584f66-8lqsh
2025-06-03 06:12:43.976000071,19.99955722980249,mc_tps,multipaper-server,10.244.235.207:9100,minecraft-server,multipaper-marina,5d4c584f66,multipaper-server-5d4c584f66-4gz49
2025-06-03 06:12:44.953999996,19.951397840212383,mc_tps,multipaper-server,10.244.140.190:9100,minecraft-server,multipaper-marina,5d4c584f66,multipaper-server-5d4c584f66-8lqsh
2025-06-03 06:12:45.976000071,19.99981457771909,mc_tps,multipaper-server,10.244.235.207:9100,minecraft-server,multipaper-marina,5d4c584f66,multipaper-server-5d4c584f66-4gz49
2025-06-03 06:12:46.953999996,20.0,mc_tps,multipaper-server,10.244.140.190:9100,minecraft-server,multipaper-marina,5d4c584f66,multipaper-server-5d4c584f66-8lqsh
2025-06-03 06:12:47.953999996,20.0,mc_tps,multipaper-server,10.244.140.190:9100,minecraft-server,multipaper-marina,5d4c584f66,multipaper-server-5d4c584f66-8lqsh
2025-06-03 06:12:48.953999996,20.0,mc_tps,multipaper-server,10.244.140.190:9100,minecraft-server,multipaper-marina,5d4c584f66,multipaper-server-5d4c584f66-8lqsh
2025-06-03 06:12:49.953999996,20.0,mc_tps,multipaper-server,10.244.140.190:9100,minecraft-server,multipaper-marina,5d4c584f66,multipaper-server-5d4c584f66-8lqsh
2025-06-03 06:12:50.976000071,19.84188241608374,mc_tps,multipaper-server,10.244.235.207:9100,minecraft-server,multipaper-marina,5d4c584f66,multipaper-server-5d4c584f66-4gz49
2025-06-03 06:12:51.976000071,19.999753179046067,mc_tps,multipaper-server,10.244.235.207:9100,minecraft-server,multipaper-marina,5d4c584f66,multipaper-server-5d4c584f66-4gz49
2025-06-03 06:12:52.976000071,19.999917876337214,mc_tps,multipaper-server,10.244.235.207:9100,minecraft-server,multipaper-marina,5d4c584f66,multipaper-server-5d4c584f66-4gz49
2025-06-03 06:12:53.976000071,19.999835565351948,mc_tps,multipaper-server,10.244.235.207:9100,minecraft-server,multipaper-marina,5d4c584f66,multipaper-server-5d4c584f66-4gz49
2025-06-03 06:12:54.976000071,19.999835565351948,mc_tps,multipaper-server,10.244.235.207:9100,minecraft-server,multipaper-marina,5d4c584f66,multipaper-server-5d4c584f66-4gz49
2025-06-03 06:12:55.953999996,20.0,mc_tps,multipaper-server,10.244.140.190:9100,minecraft-server,multipaper-marina,5d4c584f66,multipaper-server-5d4c584f66-8lqsh
2025-06-03 06:12:56.953999996,20.0,mc_tps,multipaper-server,10.244.140.190:9100,minecraft-server,multipaper-marina,5d4c584f66,multipaper-server-5d4c584f66-8lqsh
2025-06-03 06:12:57.953999996,19.999609859610626,mc_tps,multipaper-server,10.244.140.190:9100,minecraft-server,multipaper-marina,5d4c584f66,multipaper-server-5d4c584f66-8lqsh
2025-06-03 06:12:58.953999996,19.999349305170877,mc_tps,multipaper-server,10.244.140.190:9100,minecraft-server,multipaper-marina,5d4c584f66,multipaper-server-5d4c584f66-8lqsh
2025-06-03 06:12:59.953999996,19.84595469151,mc_tps,multipaper-server,10.244.140.190:9100,minecraft-server,multipaper-marina,5d4c584f66,multipaper-server-5d4c584f66-8lqsh
2025-06-03 06:13:00.976000071,19.99628001204424,mc_tps,multipaper-server,10.244.235.207:9100,minecraft-server,multipaper-marina,5d4c584f66,multipaper-server-5d4c584f66-4gz49
2025-06-03 06:13:01.976000071,19.999501180441356,mc_tps,multipaper-server,10.244.235.207:9100,minecraft-server,multipaper-marina,5d4c584f66,multipaper-server-5d4c584f66-4gz49
2025-06-03 06:13:02.976000071,19.99996326806746,mc_tps,multipaper-server,10.244.235.207:9100,minecraft-server,multipaper-marina,5d4c584f66,multipaper-server-5d4c584f66-4gz49
2025-06-03 06:13:03.953999996,20.0,mc_tps,multipaper-server,10.244.140.190:9100,minecraft-server,multipaper-marina,5d4c584f66,multipaper-server-5d4c584f66-8lqsh
2025-06-03 06:13:04.953999996,20.0,mc_tps,multipaper-server,10.244.140.190:9100,minecraft-server,multipaper-marina,5d4c584f66,multipaper-server-5d4c584f66-8lqsh
2025-06-03 06:13:05.953999996,20.0,mc_tps,multipaper-server,10.244.140.190:9100,minecraft-server,multipaper-marina,5d4c584f66,multipaper-server-5d4c584f66-8lqsh
2025-06-03 06:13:06.953999996,20.0,mc_tps,multipaper-server,10.244.140.190:9100,minecraft-server,multipaper-marina,5d4c584f66,multipaper-server-5d4c584f66-8lqsh
2025-06-03 06:13:07.953999996,20.0,mc_tps,multipaper-server,10.244.140.190:9100,minecraft-server,multipaper-marina,5d4c584f66,multipaper-server-5d4c584f66-8lqsh
2025-06-03 06:13:08.953999996,19.97676215926951,mc_tps,multipaper-server,10.244.140.190:9100,minecraft-server,multipaper-marina,5d4c584f66,multipaper-server-5d4c584f66-8lqsh
2025-06-03 06:13:09.953999996,19.93065916795227,mc_tps,multipaper-server,10.244.140.190:9100,minecraft-server,multipaper-marina,5d4c584f66,multipaper-server-5d4c584f66-8lqsh
2025-06-03 06:13:10.976000071,19.99960996760641,mc_tps,multipaper-server,10.244.235.207:9100,minecraft-server,multipaper-marina,5d4c584f66,multipaper-server-5d4c584f66-4gz49
2025-06-03 06:13:11.953999996,19.999999752000004,mc_tps,multipaper-server,10.244.140.190:9100,minecraft-server,multipaper-marina,5d4c584f66,multipaper-server-5d4c584f66-8lqsh
2025-06-03 06:13:12.953999996,20.0,mc_tps,multipaper-server,10.244.140.190:9100,minecraft-server,multipaper-marina,5d4c584f66,multipaper-server-5d4c584f66-8lqsh
2025-06-03 06:13:13.976000071,19.999973196035924,mc_tps,multipaper-server,10.244.235.207:9100,minecraft-server,multipaper-marina,5d4c584f66,multipaper-server-5d4c584f66-4gz49
2025-06-03 06:13:14.953999996,20.0,mc_tps,multipaper-server,10.244.140.190:9100,minecraft-server,multipaper-marina,5d4c584f66,multipaper-server-5d4c584f66-8lqsh
2025-06-03 06:13:15.953999996,19.99985352507275,mc_tps,multipaper-server,10.244.140.190:9100,minecraft-server,multipaper-marina,5d4c584f66,multipaper-server-5d4c584f66-8lqsh
2025-06-03 06:13:16.976000071,19.99967154939408,mc_tps,multipaper-server,10.244.235.207:9100,minecraft-server,multipaper-marina,5d4c584f66,multipaper-server-5d4c584f66-4gz49
2025-06-03 06:13:17.953999996,19.96762767133355,mc_tps,multipaper-server,10.244.140.190:9100,minecraft-server,multipaper-marina,5d4c584f66,multipaper-server-5d4c584f66-8lqsh
2025-06-03 06:13:18.953999996,19.963173287429864,mc_tps,multipaper-server,10.244.140.190:9100,minecraft-server,multipaper-marina,5d4c584f66,multipaper-server-5d4c584f66-8lqsh
2025-06-03 06:13:19.976000071,19.99994068417592,mc_tps,multipaper-server,10.244.235.207:9100,minecraft-server,multipaper-marina,5d4c584f66,multipaper-server-5d4c584f66-4gz49
2025-06-03 06:13:20.953999996,19.99964154242471,mc_tps,multipaper-server,10.244.140.190:9100,minecraft-server,multipaper-marina,5d4c584f66,multipaper-server-5d4c584f66-8lqsh
2025-06-03 06:13:21.953999996,19.947413507466976,mc_tps,multipaper-server,10.244.140.190:9100,minecraft-server,multipaper-marina,5d4c584f66,multipaper-server-5d4c584f66-8lqsh
2025-06-03 06:13:22.976000071,19.99973021163934,mc_tps,multipaper-server,10.244.235.207:9100,minecraft-server,multipaper-marina,5d4c584f66,multipaper-server-5d4c584f66-4gz49
2025-06-03 06:13:23.953999996,20.0,mc_tps,multipaper-server,10.244.140.190:9100,minecraft-server,multipaper-marina,5d4c584f66,multipaper-server-5d4c584f66-8lqsh
2025-06-03 06:13:24.976000071,19.999788434238027,mc_tps,multipaper-server,10.244.235.207:9100,minecraft-server,multipaper-marina,5d4c584f66,multipaper-server-5d4c584f66-4gz49
2025-06-03 06:13:25.953999996,20.0,mc_tps,multipaper-server,10.244.140.190:9100,minecraft-server,multipaper-marina,5d4c584f66,multipaper-server-5d4c584f66-8lqsh
2025-06-03 06:13:26.976000071,19.999869140856212,mc_tps,multipaper-server,10.244.235.207:9100,minecraft-server,multipaper-marina,5d4c584f66,multipaper-server-5d4c584f66-4gz49
2025-06-03 06:13:27.953999996,19.937529622795225,mc_tps,multipaper-server,10.244.140.190:9100,minecraft-server,multipaper-marina,5d4c584f66,multipaper-server-5d4c584f66-8lqsh
2025-06-03 06:13:28.953999996,19.992351146367263,mc_tps,multipaper-server,10.244.140.190:9100,minecraft-server,multipaper-marina,5d4c584f66,multipaper-server-5d4c584f66-8lqsh
2025-06-03 06:13:29.953999996,19.999331510344668,mc_tps,multipaper-server,10.244.140.190:9100,minecraft-server,multipaper-marina,5d4c584f66,multipaper-server-5d4c584f66-8lqsh
2025-06-03 06:13:30.953999996,19.99956706137199,mc_tps,multipaper-server,10.244.140.190:9100,minecraft-server,multipaper-marina,5d4c584f66,multipaper-server-5d4c584f66-8lqsh
2025-06-03 06:13:31.953999996,19.99588044471161,mc_tps,multipaper-server,10.244.140.190:9100,minecraft-server,multipaper-marina,5d4c584f66,multipaper-server-5d4c584f66-8lqsh
2025-06-03 06:13:32.953999996,20.0,mc_tps,multipaper-server,10.244.140.190:9100,minecraft-server,multipaper-marina,5d4c584f66,multipaper-server-5d4c584f66-8lqsh
2025-06-03 06:13:33.953999996,19.999813633736636,mc_tps,multipaper-server,10.244.140.190:9100,minecraft-server,multipaper-marina,5d4c584f66,multipaper-server-5d4c584f66-8lqsh
2025-06-03 06:13:34.953999996,19.99759363356481,mc_tps,multipaper-server,10.244.140.190:9100,minecraft-server,multipaper-marina,5d4c584f66,multipaper-server-5d4c584f66-8lqsh
2025-06-03 06:13:35.953999996,19.1299768775013,mc_tps,multipaper-server,10.244.140.190:9100,minecraft-server,multipaper-marina,5d4c584f66,multipaper-server-5d4c584f66-8lqsh
2025-06-03 06:13:36.953999996,19.98138351681728,mc_tps,multipaper-server,10.244.140.190:9100,minecraft-server,multipaper-marina,5d4c584f66,multipaper-server-5d4c584f66-8lqsh
2025-06-03 06:13:37.976000071,19.99956448948368,mc_tps,multipaper-server,10.244.235.207:9100,minecraft-server,multipaper-marina,5d4c584f66,multipaper-server-5d4c584f66-4gz49
2025-06-03 06:13:38.953999996,19.9914436101571,mc_tps,multipaper-server,10.244.140.190:9100,minecraft-server,multipaper-marina,5d4c584f66,multipaper-server-5d4c584f66-8lqsh
2025-06-03 06:13:39.953999996,19.989302684689683,mc_tps,multipaper-server,10.244.140.190:9100,minecraft-server,multipaper-marina,5d4c584f66,multipaper-server-5d4c584f66-8lqsh
2025-06-03 06:13:40.976000071,19.999810973786563,mc_tps,multipaper-server,10.244.235.207:9100,minecraft-server,multipaper-marina,5d4c584f66,multipaper-server-5d4c584f66-4gz49
2025-06-03 06:13:41.953999996,19.876180996562077,mc_tps,multipaper-server,10.244.140.190:9100,minecraft-server,multipaper-marina,5d4c584f66,multipaper-server-5d4c584f66-8lqsh
2025-06-03 06:13:42.953999996,19.96475471316235,mc_tps,multipaper-server,10.244.140.190:9100,minecraft-server,multipaper-marina,5d4c584f66,multipaper-server-5d4c584f66-8lqsh
2025-06-03 06:13:43.953999996,19.981497680640764,mc_tps,multipaper-server,10.244.140.190:9100,minecraft-server,multipaper-marina,5d4c584f66,multipaper-server-5d4c584f66-8lqsh
2025-06-03 06:13:44.953999996,19.983140520093677,mc_tps,multipaper-server,10.244.140.190:9100,minecraft-server,multipaper-marina,5d4c584f66,multipaper-server-5d4c584f66-8lqsh
2025-06-03 06:13:45.953999996,20.0,mc_tps,multipaper-server,10.244.140.190:9100,minecraft-server,multipaper-marina,5d4c584f66,multipaper-server-5d4c584f66-8lqsh
2025-06-03 06:13:46.976000071,19.99968381299879,mc_tps,multipaper-server,10.244.235.207:9100,minecraft-server,multipaper-marina,5d4c584f66,multipaper-server-5d4c584f66-4gz49
2025-06-03 06:13:47.953999996,19.947560997893127,mc_tps,multipaper-server,10.244.140.190:9100,minecraft-server,multipaper-marina,5d4c584f66,multipaper-server-5d4c584f66-8lqsh
2025-06-03 06:13:48.953999996,20.0,mc_tps,multipaper-server,10.244.140.190:9100,minecraft-server,multipaper-marina,5d4c584f66,multipaper-server-5d4c584f66-8lqsh
2025-06-03 06:13:49.976000071,19.999783074352862,mc_tps,multipaper-server,10.244.235.207:9100,minecraft-server,multipaper-marina,5d4c584f66,multipaper-server-5d4c584f66-4gz49
2025-06-03 06:13:50.953999996,19.90008175319746,mc_tps,multipaper-server,10.244.140.190:9100,minecraft-server,multipaper-marina,5d4c584f66,multipaper-server-5d4c584f66-8lqsh
2025-06-03 06:13:51.953999996,19.998836739662668,mc_tps,multipaper-server,10.244.140.190:9100,minecraft-server,multipaper-marina,5d4c584f66,multipaper-server-5d4c584f66-8lqsh
2025-06-03 06:13:52.953999996,19.83872176214472,mc_tps,multipaper-server,10.244.140.190:9100,minecraft-server,multipaper-marina,5d4c584f66,multipaper-server-5d4c584f66-8lqsh
2025-06-03 06:13:53.976000071,19.999921084311385,mc_tps,multipaper-server,10.244.235.207:9100,minecraft-server,multipaper-marina,5d4c584f66,multipaper-server-5d4c584f66-4gz49
2025-06-03 06:13:54.953999996,19.92599811087988,mc_tps,multipaper-server,10.244.140.190:9100,minecraft-server,multipaper-marina,5d4c584f66,multipaper-server-5d4c584f66-8lqsh
2025-06-03 06:13:55.953999996,20.0,mc_tps,multipaper-server,10.244.140.190:9100,minecraft-server,multipaper-marina,5d4c584f66,multipaper-server-5d4c584f66-8lqsh
2025-06-03 06:13:56.953999996,20.0,mc_tps,multipaper-server,10.244.140.190:9100,minecraft-server,multipaper-marina,5d4c584f66,multipaper-server-5d4c584f66-8lqsh
2025-06-03 06:13:57.976000071,19.988360877402897,mc_tps,multipaper-server,10.244.235.207:9100,minecraft-server,multipaper-marina,5d4c584f66,multipaper-server-5d4c584f66-4gz49
2025-06-03 06:13:58.953999996,19.873910775987746,mc_tps,multipaper-server,10.244.140.190:9100,minecraft-server,multipaper-marina,5d4c584f66,multipaper-server-5d4c584f66-8lqsh
2025-06-03 06:13:59.953999996,19.96458697135399,mc_tps,multipaper-server,10.244.140.190:9100,minecraft-server,multipaper-marina,5d4c584f66,multipaper-server-5d4c584f66-8lqsh
2025-06-03 06:14:00.976000071,19.99998595200987,mc_tps,multipaper-server,10.244.235.207:9100,minecraft-server,multipaper-marina,5d4c584f66,multipaper-server-5d4c584f66-4gz49
2025-06-03 06:14:01.953999996,19.955940133892614,mc_tps,multipaper-server,10.244.140.190:9100,minecraft-server,multipaper-marina,5d4c584f66,multipaper-server-5d4c584f66-8lqsh
2025-06-03 06:14:02.953999996,19.983273316805885,mc_tps,multipaper-server,10.244.140.190:9100,minecraft-server,multipaper-marina,5d4c584f66,multipaper-server-5d4c584f66-8lqsh
2025-06-03 06:14:03.976000071,19.999859756983412,mc_tps,multipaper-server,10.244.235.207:9100,minecraft-server,multipaper-marina,5d4c584f66,multipaper-server-5d4c584f66-4gz49
2025-06-03 06:14:04.953999996,20.0,mc_tps,multipaper-server,10.244.140.190:9100,minecraft-server,multipaper-marina,5d4c584f66,multipaper-server-5d4c584f66-8lqsh
2025-06-03 06:14:05.953999996,19.94823032473373,mc_tps,multipaper-server,10.244.140.190:9100,minecraft-server,multipaper-marina,5d4c584f66,multipaper-server-5d4c584f66-8lqsh
2025-06-03 06:14:06.976000071,19.94592936992986,mc_tps,multipaper-server,10.244.235.207:9100,minecraft-server,multipaper-marina,5d4c584f66,multipaper-server-5d4c584f66-4gz49
2025-06-03 06:14:07.953999996,19.90858043175026,mc_tps,multipaper-server,10.244.140.190:9100,minecraft-server,multipaper-marina,5d4c584f66,multipaper-server-5d4c584f66-8lqsh
2025-06-03 06:14:08.953999996,20.0,mc_tps,multipaper-server,10.244.140.190:9100,minecraft-server,multipaper-marina,5d4c584f66,multipaper-server-5d4c584f66-8lqsh
2025-06-03 06:14:09.953999996,20.0,mc_tps,multipaper-server,10.244.140.190:9100,minecraft-server,multipaper-marina,5d4c584f66,multipaper-server-5d4c584f66-8lqsh
2025-06-03 06:14:10.976000071,19.984070285903258,mc_tps,multipaper-server,10.244.235.207:9100,minecraft-server,multipaper-marina,5d4c584f66,multipaper-server-5d4c584f66-4gz49
2025-06-03 06:14:11.953999996,19.97648343998135,mc_tps,multipaper-server,10.244.140.190:9100,minecraft-server,multipaper-marina,5d4c584f66,multipaper-server-5d4c584f66-8lqsh
2025-06-03 06:14:12.953999996,20.0,mc_tps,multipaper-server,10.244.140.190:9100,minecraft-server,multipaper-marina,5d4c584f66,multipaper-server-5d4c584f66-8lqsh
2025-06-03 06:14:13.976000071,19.920916479579912,mc_tps,multipaper-server,10.244.235.207:9100,minecraft-server,multipaper-marina,5d4c584f66,multipaper-server-5d4c584f66-4gz49
2025-06-03 06:14:14.953999996,19.99683276164938,mc_tps,multipaper-server,10.244.140.190:9100,minecraft-server,multipaper-marina,5d4c584f66,multipaper-server-5d4c584f66-8lqsh
2025-06-03 06:14:15.953999996,20.0,mc_tps,multipaper-server,10.244.140.190:9100,minecraft-server,multipaper-marina,5d4c584f66,multipaper-server-5d4c584f66-8lqsh
2025-06-03 06:14:16.976000071,19.67168778510676,mc_tps,multipaper-server,10.244.235.207:9100,minecraft-server,multipaper-marina,5d4c584f66,multipaper-server-5d4c584f66-4gz49
2025-06-03 06:14:17.976000071,19.584120918466528,mc_tps,multipaper-server,10.244.235.207:9100,minecraft-server,multipaper-marina,5d4c584f66,multipaper-server-5d4c584f66-4gz49
2025-06-03 06:14:18.976000071,19.584120918466528,mc_tps,multipaper-server,10.244.235.207:9100,minecraft-server,multipaper-marina,5d4c584f66,multipaper-server-5d4c584f66-4gz49
2025-06-03 06:14:19.976000071,19.215654935660492,mc_tps,multipaper-server,10.244.235.207:9100,minecraft-server,multipaper-marina,5d4c584f66,multipaper-server-5d4c584f66-4gz49
2025-06-03 06:14:20.953999996,19.96839510651243,mc_tps,multipaper-server,10.244.140.190:9100,minecraft-server,multipaper-marina,5d4c584f66,multipaper-server-5d4c584f66-8lqsh
2025-06-03 06:14:21.953999996,19.611962672314533,mc_tps,multipaper-server,10.244.140.190:9100,minecraft-server,multipaper-marina,5d4c584f66,multipaper-server-5d4c584f66-8lqsh
2025-06-03 06:14:22.953999996,19.49480794809161,mc_tps,multipaper-server,10.244.140.190:9100,minecraft-server,multipaper-marina,5d4c584f66,multipaper-server-5d4c584f66-8lqsh
2025-06-03 06:14:23.953999996,19.204703750014467,mc_tps,multipaper-server,10.244.140.190:9100,minecraft-server,multipaper-marina,5d4c584f66,multipaper-server-5d4c584f66-8lqsh
2025-06-03 06:14:24.953999996,19.51489451735547,mc_tps,multipaper-server,10.244.140.190:9100,minecraft-server,multipaper-marina,5d4c584f66,multipaper-server-5d4c584f66-8lqsh
2025-06-03 06:14:25.976000071,19.955152371502088,mc_tps,multipaper-server,10.244.235.207:9100,minecraft-server,multipaper-marina,5d4c584f66,multipaper-server-5d4c584f66-4gz49
2025-06-03 06:14:26.976000071,19.808257799702265,mc_tps,multipaper-server,10.244.235.207:9100,minecraft-server,multipaper-marina,5d4c584f66,multipaper-server-5d4c584f66-4gz49
2025-06-03 06:14:27.953999996,19.619129603204815,mc_tps,multipaper-server,10.244.140.190:9100,minecraft-server,multipaper-marina,5d4c584f66,multipaper-server-5d4c584f66-8lqsh
2025-06-03 06:14:28.953999996,19.667139056334214,mc_tps,multipaper-server,10.244.140.190:9100,minecraft-server,multipaper-marina,5d4c584f66,multipaper-server-5d4c584f66-8lqsh
2025-06-03 06:14:29.953999996,19.94325133075827,mc_tps,multipaper-server,10.244.140.190:9100,minecraft-server,multipaper-marina,5d4c584f66,multipaper-server-5d4c584f66-8lqsh
2025-06-03 06:14:30.976000071,19.337449260162323,mc_tps,multipaper-server,10.244.235.207:9100,minecraft-server,multipaper-marina,5d4c584f66,multipaper-server-5d4c584f66-4gz49
2025-06-03 06:14:31.976000071,19.28826112383255,mc_tps,multipaper-server,10.244.235.207:9100,minecraft-server,multipaper-marina,5d4c584f66,multipaper-server-5d4c584f66-4gz49
2025-06-03 06:14:32.976000071,19.938573601343307,mc_tps,multipaper-server,10.244.235.207:9100,minecraft-server,multipaper-marina,5d4c584f66,multipaper-server-5d4c584f66-4gz49
2025-06-03 06:14:33.953999996,20.0,mc_tps,multipaper-server,10.244.140.190:9100,minecraft-server,multipaper-marina,5d4c584f66,multipaper-server-5d4c584f66-8lqsh
2025-06-03 06:14:34.953999996,20.0,mc_tps,multipaper-server,10.244.140.190:9100,minecraft-server,multipaper-marina,5d4c584f66,multipaper-server-5d4c584f66-8lqsh
2025-06-03 06:14:35.953999996,19.30889980119304,mc_tps,multipaper-server,10.244.140.190:9100,minecraft-server,multipaper-marina,5d4c584f66,multipaper-server-5d4c584f66-8lqsh
2025-06-03 06:14:36.953999996,20.0,mc_tps,multipaper-server,10.244.140.190:9100,minecraft-server,multipaper-marina,5d4c584f66,multipaper-server-5d4c584f66-8lqsh
2025-06-03 06:14:37.953999996,19.835894943451116,mc_tps,multipaper-server,10.244.140.190:9100,minecraft-server,multipaper-marina,5d4c584f66,multipaper-server-5d4c584f66-8lqsh
2025-06-03 06:14:38.953999996,19.780634629253488,mc_tps,multipaper-server,10.244.140.190:9100,minecraft-server,multipaper-marina,5d4c584f66,multipaper-server-5d4c584f66-8lqsh
2025-06-03 06:14:39.953999996,20.0,mc_tps,multipaper-server,10.244.140.190:9100,minecraft-server,multipaper-marina,5d4c584f66,multipaper-server-5d4c584f66-8lqsh
2025-06-03 06:14:40.953999996,20.0,mc_tps,multipaper-server,10.244.140.190:9100,minecraft-server,multipaper-marina,5d4c584f66,multipaper-server-5d4c584f66-8lqsh
2025-06-03 06:14:41.953999996,18.565362110739713,mc_tps,multipaper-server,10.244.140.190:9100,minecraft-server,multipaper-marina,5d4c584f66,multipaper-server-5d4c584f66-8lqsh
2025-06-03 06:14:42.953999996,18.494884245014692,mc_tps,multipaper-server,10.244.140.190:9100,minecraft-server,multipaper-marina,5d4c584f66,multipaper-server-5d4c584f66-8lqsh
2025-06-03 06:14:43.953999996,17.87903972575876,mc_tps,multipaper-server,10.244.140.190:9100,minecraft-server,multipaper-marina,5d4c584f66,multipaper-server-5d4c584f66-8lqsh
2025-06-03 06:14:44.953999996,18.18287289093114,mc_tps,multipaper-server,10.244.140.190:9100,minecraft-server,multipaper-marina,5d4c584f66,multipaper-server-5d4c584f66-8lqsh
2025-06-03 06:14:45.953999996,18.943235667052292,mc_tps,multipaper-server,10.244.140.190:9100,minecraft-server,multipaper-marina,5d4c584f66,multipaper-server-5d4c584f66-8lqsh
2025-06-03 06:14:46.953999996,20.0,mc_tps,multipaper-server,10.244.140.190:9100,minecraft-server,multipaper-marina,5d4c584f66,multipaper-server-5d4c584f66-8lqsh
2025-06-03 06:14:47.953999996,19.918362305463067,mc_tps,multipaper-server,10.244.140.190:9100,minecraft-server,multipaper-marina,5d4c584f66,multipaper-server-5d4c584f66-8lqsh
2025-06-03 06:14:48.953999996,20.0,mc_tps,multipaper-server,10.244.140.190:9100,minecraft-server,multipaper-marina,5d4c584f66,multipaper-server-5d4c584f66-8lqsh
2025-06-03 06:14:49.976000071,19.391114035760804,mc_tps,multipaper-server,10.244.235.207:9100,minecraft-server,multipaper-marina,5d4c584f66,multipaper-server-5d4c584f66-4gz49
2025-06-03 06:14:50.976000071,18.70497219614933,mc_tps,multipaper-server,10.244.235.207:9100,minecraft-server,multipaper-marina,5d4c584f66,multipaper-server-5d4c584f66-4gz49
2025-06-03 06:14:51.953999996,19.174336540296725,mc_tps,multipaper-server,10.244.140.190:9100,minecraft-server,multipaper-marina,5d4c584f66,multipaper-server-5d4c584f66-8lqsh
2025-06-03 06:14:52.976000071,19.90719609970952,mc_tps,multipaper-server,10.244.235.207:9100,minecraft-server,multipaper-marina,5d4c584f66,multipaper-server-5d4c584f66-4gz49
2025-06-03 06:14:53.976000071,19.90719609970952,mc_tps,multipaper-server,10.244.235.207:9100,minecraft-server,multipaper-marina,5d4c584f66,multipaper-server-5d4c584f66-4gz49
2025-06-03 06:14:54.953999996,19.962498362740764,mc_tps,multipaper-server,10.244.140.190:9100,minecraft-server,multipaper-marina,5d4c584f66,multipaper-server-5d4c584f66-8lqsh
2025-06-03 06:14:55.953999996,19.83284294107085,mc_tps,multipaper-server,10.244.140.190:9100,minecraft-server,multipaper-marina,5d4c584f66,multipaper-server-5d4c584f66-8lqsh
2025-06-03 06:14:56.953999996,20.0,mc_tps,multipaper-server,10.244.140.190:9100,minecraft-server,multipaper-marina,5d4c584f66,multipaper-server-5d4c584f66-8lqsh
2025-06-03 06:14:57.976000071,19.978335987917436,mc_tps,multipaper-server,10.244.235.207:9100,minecraft-server,multipaper-marina,5d4c584f66,multipaper-server-5d4c584f66-4gz49
2025-06-03 06:14:58.953999996,20.0,mc_tps,multipaper-server,10.244.140.190:9100,minecraft-server,multipaper-marina,5d4c584f66,multipaper-server-5d4c584f66-8lqsh
2025-06-03 06:14:59.976000071,19.75753181172397,mc_tps,multipaper-server,10.244.235.207:9100,minecraft-server,multipaper-marina,5d4c584f66,multipaper-server-5d4c584f66-4gz49
2025-06-03 06:15:00.976000071,19.75753181172397,mc_tps,multipaper-server,10.244.235.207:9100,minecraft-server,multipaper-marina,5d4c584f66,multipaper-server-5d4c584f66-4gz49
2025-06-03 06:15:01.976000071,19.297693516841697,mc_tps,multipaper-server,10.244.235.207:9100,minecraft-server,multipaper-marina,5d4c584f66,multipaper-server-5d4c584f66-4gz49
2025-06-03 06:15:02.976000071,19.212868076922874,mc_tps,multipaper-server,10.244.235.207:9100,minecraft-server,multipaper-marina,5d4c584f66,multipaper-server-5d4c584f66-4gz49
2025-06-03 06:15:03.976000071,19.220897466542247,mc_tps,multipaper-server,10.244.235.207:9100,minecraft-server,multipaper-marina,5d4c584f66,multipaper-server-5d4c584f66-4gz49
2025-06-03 06:15:04.976000071,18.9300377968947,mc_tps,multipaper-server,10.244.235.207:9100,minecraft-server,multipaper-marina,5d4c584f66,multipaper-server-5d4c584f66-4gz49
2025-06-03 06:15:05.976000071,18.56967300197083,mc_tps,multipaper-server,10.244.235.207:9100,minecraft-server,multipaper-marina,5d4c584f66,multipaper-server-5d4c584f66-4gz49
2025-06-03 06:15:06.976000071,18.49577991287311,mc_tps,multipaper-server,10.244.235.207:9100,minecraft-server,multipaper-marina,5d4c584f66,multipaper-server-5d4c584f66-4gz49
2025-06-03 06:15:07.953999996,17.67929369291118,mc_tps,multipaper-server,10.244.140.190:9100,minecraft-server,multipaper-marina,5d4c584f66,multipaper-server-5d4c584f66-8lqsh
2025-06-03 06:15:08.953999996,18.70591883003307,mc_tps,multipaper-server,10.244.140.190:9100,minecraft-server,multipaper-marina,5d4c584f66,multipaper-server-5d4c584f66-8lqsh
2025-06-03 06:15:09.953999996,20.0,mc_tps,multipaper-server,10.244.140.190:9100,minecraft-server,multipaper-marina,5d4c584f66,multipaper-server-5d4c584f66-8lqsh
2025-06-03 06:15:10.953999996,20.0,mc_tps,multipaper-server,10.244.140.190:9100,minecraft-server,multipaper-marina,5d4c584f66,multipaper-server-5d4c584f66-8lqsh
2025-06-03 06:15:11.953999996,20.0,mc_tps,multipaper-server,10.244.140.190:9100,minecraft-server,multipaper-marina,5d4c584f66,multipaper-server-5d4c584f66-8lqsh
2025-06-03 06:15:12.953999996,20.0,mc_tps,multipaper-server,10.244.140.190:9100,minecraft-server,multipaper-marina,5d4c584f66,multipaper-server-5d4c584f66-8lqsh
2025-06-03 06:15:13.976000071,19.6187046368562,mc_tps,multipaper-server,10.244.235.207:9100,minecraft-server,multipaper-marina,5d4c584f66,multipaper-server-5d4c584f66-4gz49
2025-06-03 06:15:14.976000071,19.6187046368562,mc_tps,multipaper-server,10.244.235.207:9100,minecraft-server,multipaper-marina,5d4c584f66,multipaper-server-5d4c584f66-4gz49
2025-06-03 06:15:15.976000071,19.57662691205084,mc_tps,multipaper-server,10.244.235.207:9100,minecraft-server,multipaper-marina,5d4c584f66,multipaper-server-5d4c584f66-4gz49
2025-06-03 06:15:16.976000071,19.340022213848947,mc_tps,multipaper-server,10.244.235.207:9100,minecraft-server,multipaper-marina,5d4c584f66,multipaper-server-5d4c584f66-4gz49
2025-06-03 06:15:17.976000071,19.260826865999174,mc_tps,multipaper-server,10.244.235.207:9100,minecraft-server,multipaper-marina,5d4c584f66,multipaper-server-5d4c584f66-4gz49
2025-06-03 06:15:18.976000071,19.5434247634931,mc_tps,multipaper-server,10.244.235.207:9100,minecraft-server,multipaper-marina,5d4c584f66,multipaper-server-5d4c584f66-4gz49
2025-06-03 06:15:19.976000071,18.550663582446695,mc_tps,multipaper-server,10.244.235.207:9100,minecraft-server,multipaper-marina,5d4c584f66,multipaper-server-5d4c584f66-4gz49
2025-06-03 06:15:20.976000071,18.65155663527593,mc_tps,multipaper-server,10.244.235.207:9100,minecraft-server,multipaper-marina,5d4c584f66,multipaper-server-5d4c584f66-4gz49
2025-06-03 06:15:21.976000071,19.05762789598856,mc_tps,multipaper-server,10.244.235.207:9100,minecraft-server,multipaper-marina,5d4c584f66,multipaper-server-5d4c584f66-4gz49
2025-06-03 06:15:22.976000071,18.864859860629377,mc_tps,multipaper-server,10.244.235.207:9100,minecraft-server,multipaper-marina,5d4c584f66,multipaper-server-5d4c584f66-4gz49
2025-06-03 06:15:23.976000071,18.956151457316263,mc_tps,multipaper-server,10.244.235.207:9100,minecraft-server,multipaper-marina,5d4c584f66,multipaper-server-5d4c584f66-4gz49
2025-06-03 06:15:24.953999996,20.0,mc_tps,multipaper-server,10.244.140.190:9100,minecraft-server,multipaper-marina,5d4c584f66,multipaper-server-5d4c584f66-8lqsh
2025-06-03 06:15:25.953999996,19.947513893987995,mc_tps,multipaper-server,10.244.140.190:9100,minecraft-server,multipaper-marina,5d4c584f66,multipaper-server-5d4c584f66-8lqsh
2025-06-03 06:15:26.953999996,20.0,mc_tps,multipaper-server,10.244.140.190:9100,minecraft-server,multipaper-marina,5d4c584f66,multipaper-server-5d4c584f66-8lqsh
2025-06-03 06:15:27.953999996,20.0,mc_tps,multipaper-server,10.244.140.190:9100,minecraft-server,multipaper-marina,5d4c584f66,multipaper-server-5d4c584f66-8lqsh
2025-06-03 06:15:28.953999996,20.0,mc_tps,multipaper-server,10.244.140.190:9100,minecraft-server,multipaper-marina,5d4c584f66,multipaper-server-5d4c584f66-8lqsh
2025-06-03 06:15:29.953999996,19.99978986220792,mc_tps,multipaper-server,10.244.140.190:9100,minecraft-server,multipaper-marina,5d4c584f66,multipaper-server-5d4c584f66-8lqsh
2025-06-03 06:15:30.953999996,19.221767159699223,mc_tps,multipaper-server,10.244.140.190:9100,minecraft-server,multipaper-marina,5d4c584f66,multipaper-server-5d4c584f66-8lqsh
2025-06-03 06:15:31.953999996,18.818895832974256,mc_tps,multipaper-server,10.244.140.190:9100,minecraft-server,multipaper-marina,5d4c584f66,multipaper-server-5d4c584f66-8lqsh
2025-06-03 06:15:32.953999996,18.17170946138559,mc_tps,multipaper-server,10.244.140.190:9100,minecraft-server,multipaper-marina,5d4c584f66,multipaper-server-5d4c584f66-8lqsh
2025-06-03 06:15:33.953999996,17.717591035984103,mc_tps,multipaper-server,10.244.140.190:9100,minecraft-server,multipaper-marina,5d4c584f66,multipaper-server-5d4c584f66-8lqsh
2025-06-03 06:15:34.953999996,17.39633282590202,mc_tps,multipaper-server,10.244.140.190:9100,minecraft-server,multipaper-marina,5d4c584f66,multipaper-server-5d4c584f66-8lqsh
2025-06-03 06:15:35.953999996,17.742514147670978,mc_tps,multipaper-server,10.244.140.190:9100,minecraft-server,multipaper-marina,5d4c584f66,multipaper-server-5d4c584f66-8lqsh
2025-06-03 06:15:36.953999996,18.017097256697458,mc_tps,multipaper-server,10.244.140.190:9100,minecraft-server,multipaper-marina,5d4c584f66,multipaper-server-5d4c584f66-8lqsh
2025-06-03 06:15:37.953999996,18.017097256697458,mc_tps,multipaper-server,10.244.140.190:9100,minecraft-server,multipaper-marina,5d4c584f66,multipaper-server-5d4c584f66-8lqsh
2025-06-03 06:15:38.953999996,17.685601379197898,mc_tps,multipaper-server,10.244.140.190:9100,minecraft-server,multipaper-marina,5d4c584f66,multipaper-server-5d4c584f66-8lqsh
2025-06-03 06:15:39.953999996,19.613010942588343,mc_tps,multipaper-server,10.244.140.190:9100,minecraft-server,multipaper-marina,5d4c584f66,multipaper-server-5d4c584f66-8lqsh
2025-06-03 06:15:40.976000071,19.764154080564133,mc_tps,multipaper-server,10.244.235.207:9100,minecraft-server,multipaper-marina,5d4c584f66,multipaper-server-5d4c584f66-4gz49
2025-06-03 06:15:41.976000071,19.764154080564133,mc_tps,multipaper-server,10.244.235.207:9100,minecraft-server,multipaper-marina,5d4c584f66,multipaper-server-5d4c584f66-4gz49
2025-06-03 06:15:42.976000071,18.874382444550942,mc_tps,multipaper-server,10.244.235.207:9100,minecraft-server,multipaper-marina,5d4c584f66,multipaper-server-5d4c584f66-4gz49
2025-06-03 06:15:43.976000071,18.57721333758604,mc_tps,multipaper-server,10.244.235.207:9100,minecraft-server,multipaper-marina,5d4c584f66,multipaper-server-5d4c584f66-4gz49
2025-06-03 06:15:44.976000071,18.7013288495895,mc_tps,multipaper-server,10.244.235.207:9100,minecraft-server,multipaper-marina,5d4c584f66,multipaper-server-5d4c584f66-4gz49
2025-06-03 06:15:45.976000071,18.64174415154383,mc_tps,multipaper-server,10.244.235.207:9100,minecraft-server,multipaper-marina,5d4c584f66,multipaper-server-5d4c584f66-4gz49
2025-06-03 06:15:46.976000071,18.76684513896358,mc_tps,multipaper-server,10.244.235.207:9100,minecraft-server,multipaper-marina,5d4c584f66,multipaper-server-5d4c584f66-4gz49
2025-06-03 06:15:47.976000071,19.499238055183465,mc_tps,multipaper-server,10.244.235.207:9100,minecraft-server,multipaper-marina,5d4c584f66,multipaper-server-5d4c584f66-4gz49
2025-06-03 06:15:48.976000071,19.635667671472348,mc_tps,multipaper-server,10.244.235.207:9100,minecraft-server,multipaper-marina,5d4c584f66,multipaper-server-5d4c584f66-4gz49
2025-06-03 06:15:49.976000071,19.15625122195332,mc_tps,multipaper-server,10.244.235.207:9100,minecraft-server,multipaper-marina,5d4c584f66,multipaper-server-5d4c584f66-4gz49
2025-06-03 06:15:50.953999996,18.774966174377894,mc_tps,multipaper-server,10.244.140.190:9100,minecraft-server,multipaper-marina,5d4c584f66,multipaper-server-5d4c584f66-8lqsh
2025-06-03 06:15:51.953999996,16.77033380153204,mc_tps,multipaper-server,10.244.140.190:9100,minecraft-server,multipaper-marina,5d4c584f66,multipaper-server-5d4c584f66-8lqsh
2025-06-03 06:15:52.953999996,16.77033380153204,mc_tps,multipaper-server,10.244.140.190:9100,minecraft-server,multipaper-marina,5d4c584f66,multipaper-server-5d4c584f66-8lqsh
2025-06-03 06:15:53.953999996,16.036892568577482,mc_tps,multipaper-server,10.244.140.190:9100,minecraft-server,multipaper-marina,5d4c584f66,multipaper-server-5d4c584f66-8lqsh
2025-06-03 06:15:54.953999996,16.107842471832033,mc_tps,multipaper-server,10.244.140.190:9100,minecraft-server,multipaper-marina,5d4c584f66,multipaper-server-5d4c584f66-8lqsh
2025-06-03 06:15:55.953999996,18.775403964109692,mc_tps,multipaper-server,10.244.140.190:9100,minecraft-server,multipaper-marina,5d4c584f66,multipaper-server-5d4c584f66-8lqsh
2025-06-03 06:15:56.953999996,18.775403964109692,mc_tps,multipaper-server,10.244.140.190:9100,minecraft-server,multipaper-marina,5d4c584f66,multipaper-server-5d4c584f66-8lqsh
2025-06-03 06:15:57.976000071,18.64202118041908,mc_tps,multipaper-server,10.244.235.207:9100,minecraft-server,multipaper-marina,5d4c584f66,multipaper-server-5d4c584f66-4gz49
2025-06-03 06:15:58.976000071,17.902170960181564,mc_tps,multipaper-server,10.244.235.207:9100,minecraft-server,multipaper-marina,5d4c584f66,multipaper-server-5d4c584f66-4gz49
2025-06-03 06:15:59.953999996,17.256715543867593,mc_tps,multipaper-server,10.244.140.190:9100,minecraft-server,multipaper-marina,5d4c584f66,multipaper-server-5d4c584f66-8lqsh
2025-06-03 06:16:00.953999996,17.256715543867593,mc_tps,multipaper-server,10.244.140.190:9100,minecraft-server,multipaper-marina,5d4c584f66,multipaper-server-5d4c584f66-8lqsh
2025-06-03 06:16:01.953999996,16.15210148659203,mc_tps,multipaper-server,10.244.140.190:9100,minecraft-server,multipaper-marina,5d4c584f66,multipaper-server-5d4c584f66-8lqsh
2025-06-03 06:16:02.953999996,15.198957887951304,mc_tps,multipaper-server,10.244.140.190:9100,minecraft-server,multipaper-marina,5d4c584f66,multipaper-server-5d4c584f66-8lqsh
2025-06-03 06:16:03.953999996,16.128884218320287,mc_tps,multipaper-server,10.244.140.190:9100,minecraft-server,multipaper-marina,5d4c584f66,multipaper-server-5d4c584f66-8lqsh
2025-06-03 06:16:04.953999996,16.128884218320287,mc_tps,multipaper-server,10.244.140.190:9100,minecraft-server,multipaper-marina,5d4c584f66,multipaper-server-5d4c584f66-8lqsh
2025-06-03 06:16:05.953999996,15.404134076657522,mc_tps,multipaper-server,10.244.140.190:9100,minecraft-server,multipaper-marina,5d4c584f66,multipaper-server-5d4c584f66-8lqsh
2025-06-03 06:16:06.953999996,15.451500611473746,mc_tps,multipaper-server,10.244.140.190:9100,minecraft-server,multipaper-marina,5d4c584f66,multipaper-server-5d4c584f66-8lqsh
2025-06-03 06:16:07.953999996,15.265264363751315,mc_tps,multipaper-server,10.244.140.190:9100,minecraft-server,multipaper-marina,5d4c584f66,multipaper-server-5d4c584f66-8lqsh
2025-06-03 06:16:08.953999996,15.920590324344811,mc_tps,multipaper-server,10.244.140.190:9100,minecraft-server,multipaper-marina,5d4c584f66,multipaper-server-5d4c584f66-8lqsh
2025-06-03 06:16:09.953999996,16.201699811089103,mc_tps,multipaper-server,10.244.140.190:9100,minecraft-server,multipaper-marina,5d4c584f66,multipaper-server-5d4c584f66-8lqsh
2025-06-03 06:16:10.953999996,18.338259802301145,mc_tps,multipaper-server,10.244.140.190:9100,minecraft-server,multipaper-marina,5d4c584f66,multipaper-server-5d4c584f66-8lqsh
2025-06-03 06:16:11.953999996,19.46035438582714,mc_tps,multipaper-server,10.244.140.190:9100,minecraft-server,multipaper-marina,5d4c584f66,multipaper-server-5d4c584f66-8lqsh
2025-06-03 06:16:12.953999996,19.696213051128684,mc_tps,multipaper-server,10.244.140.190:9100,minecraft-server,multipaper-marina,5d4c584f66,multipaper-server-5d4c584f66-8lqsh
2025-06-03 06:16:13.953999996,20.0,mc_tps,multipaper-server,10.244.140.190:9100,minecraft-server,multipaper-marina,5d4c584f66,multipaper-server-5d4c584f66-8lqsh
2025-06-03 06:16:14.976000071,19.93940033402005,mc_tps,multipaper-server,10.244.235.207:9100,minecraft-server,multipaper-marina,5d4c584f66,multipaper-server-5d4c584f66-4gz49
2025-06-03 06:16:15.976000071,18.415771856175,mc_tps,multipaper-server,10.244.235.207:9100,minecraft-server,multipaper-marina,5d4c584f66,multipaper-server-5d4c584f66-4gz49
2025-06-03 06:16:16.976000071,17.049757261915346,mc_tps,multipaper-server,10.244.235.207:9100,minecraft-server,multipaper-marina,5d4c584f66,multipaper-server-5d4c584f66-4gz49
2025-06-03 06:16:17.976000071,16.993046110428743,mc_tps,multipaper-server,10.244.235.207:9100,minecraft-server,multipaper-marina,5d4c584f66,multipaper-server-5d4c584f66-4gz49
2025-06-03 06:16:18.976000071,17.502031611326597,mc_tps,multipaper-server,10.244.235.207:9100,minecraft-server,multipaper-marina,5d4c584f66,multipaper-server-5d4c584f66-4gz49
2025-06-03 06:16:19.976000071,19.17560367408248,mc_tps,multipaper-server,10.244.235.207:9100,minecraft-server,multipaper-marina,5d4c584f66,multipaper-server-5d4c584f66-4gz49
2025-06-03 06:16:20.953999996,19.252392292303128,mc_tps,multipaper-server,10.244.140.190:9100,minecraft-server,multipaper-marina,5d4c584f66,multipaper-server-5d4c584f66-8lqsh
2025-06-03 06:16:21.953999996,17.571889167594826,mc_tps,multipaper-server,10.244.140.190:9100,minecraft-server,multipaper-marina,5d4c584f66,multipaper-server-5d4c584f66-8lqsh
2025-06-03 06:16:22.953999996,16.894192384342364,mc_tps,multipaper-server,10.244.140.190:9100,minecraft-server,multipaper-marina,5d4c584f66,multipaper-server-5d4c584f66-8lqsh
2025-06-03 06:16:23.953999996,18.2748716986545,mc_tps,multipaper-server,10.244.140.190:9100,minecraft-server,multipaper-marina,5d4c584f66,multipaper-server-5d4c584f66-8lqsh
2025-06-03 06:16:24.953999996,18.2748716986545,mc_tps,multipaper-server,10.244.140.190:9100,minecraft-server,multipaper-marina,5d4c584f66,multipaper-server-5d4c584f66-8lqsh
2025-06-03 06:16:25.976000071,17.817085962695437,mc_tps,multipaper-server,10.244.235.207:9100,minecraft-server,multipaper-marina,5d4c584f66,multipaper-server-5d4c584f66-4gz49
2025-06-03 06:16:26.976000071,17.817085962695437,mc_tps,multipaper-server,10.244.235.207:9100,minecraft-server,multipaper-marina,5d4c584f66,multipaper-server-5d4c584f66-4gz49
2025-06-03 06:16:27.976000071,16.52116062245752,mc_tps,multipaper-server,10.244.235.207:9100,minecraft-server,multipaper-marina,5d4c584f66,multipaper-server-5d4c584f66-4gz49
2025-06-03 06:16:28.976000071,15.885052062692628,mc_tps,multipaper-server,10.244.235.207:9100,minecraft-server,multipaper-marina,5d4c584f66,multipaper-server-5d4c584f66-4gz49
2025-06-03 06:16:29.976000071,15.689242286874906,mc_tps,multipaper-server,10.244.235.207:9100,minecraft-server,multipaper-marina,5d4c584f66,multipaper-server-5d4c584f66-4gz49
2025-06-03 06:16:30.976000071,15.698147776171815,mc_tps,multipaper-server,10.244.235.207:9100,minecraft-server,multipaper-marina,5d4c584f66,multipaper-server-5d4c584f66-4gz49
2025-06-03 06:16:31.976000071,16.24526266067564,mc_tps,multipaper-server,10.244.235.207:9100,minecraft-server,multipaper-marina,5d4c584f66,multipaper-server-5d4c584f66-4gz49
2025-06-03 06:16:32.976000071,16.24526266067564,mc_tps,multipaper-server,10.244.235.207:9100,minecraft-server,multipaper-marina,5d4c584f66,multipaper-server-5d4c584f66-4gz49
2025-06-03 06:16:33.976000071,15.892593643796427,mc_tps,multipaper-server,10.244.235.207:9100,minecraft-server,multipaper-marina,5d4c584f66,multipaper-server-5d4c584f66-4gz49
2025-06-03 06:16:34.976000071,16.749330166231523,mc_tps,multipaper-server,10.244.235.207:9100,minecraft-server,multipaper-marina,5d4c584f66,multipaper-server-5d4c584f66-4gz49
2025-06-03 06:16:35.976000071,16.68438625234843,mc_tps,multipaper-server,10.244.235.207:9100,minecraft-server,multipaper-marina,5d4c584f66,multipaper-server-5d4c584f66-4gz49
2025-06-03 06:16:36.976000071,16.68438625234843,mc_tps,multipaper-server,10.244.235.207:9100,minecraft-server,multipaper-marina,5d4c584f66,multipaper-server-5d4c584f66-4gz49
2025-06-03 06:16:37.976000071,16.126747690964848,mc_tps,multipaper-server,10.244.235.207:9100,minecraft-server,multipaper-marina,5d4c584f66,multipaper-server-5d4c584f66-4gz49
2025-06-03 06:16:38.976000071,14.682417668735678,mc_tps,multipaper-server,10.244.235.207:9100,minecraft-server,multipaper-marina,5d4c584f66,multipaper-server-5d4c584f66-4gz49
2025-06-03 06:16:39.953999996,15.28546555151306,mc_tps,multipaper-server,10.244.140.190:9100,minecraft-server,multipaper-marina,5d4c584f66,multipaper-server-5d4c584f66-8lqsh
2025-06-03 06:16:40.976000071,15.005188074537406,mc_tps,multipaper-server,10.244.235.207:9100,minecraft-server,multipaper-marina,5d4c584f66,multipaper-server-5d4c584f66-4gz49
2025-06-03 06:16:41.976000071,15.005188074537406,mc_tps,multipaper-server,10.244.235.207:9100,minecraft-server,multipaper-marina,5d4c584f66,multipaper-server-5d4c584f66-4gz49
2025-06-03 06:16:42.976000071,15.193034445851282,mc_tps,multipaper-server,10.244.235.207:9100,minecraft-server,multipaper-marina,5d4c584f66,multipaper-server-5d4c584f66-4gz49
2025-06-03 06:16:43.976000071,15.29297142751554,mc_tps,multipaper-server,10.244.235.207:9100,minecraft-server,multipaper-marina,5d4c584f66,multipaper-server-5d4c584f66-4gz49
2025-06-03 06:16:44.953999996,15.68616723364407,mc_tps,multipaper-server,10.244.140.190:9100,minecraft-server,multipaper-marina,5d4c584f66,multipaper-server-5d4c584f66-8lqsh
2025-06-03 06:16:45.976000071,16.119486882913833,mc_tps,multipaper-server,10.244.235.207:9100,minecraft-server,multipaper-marina,5d4c584f66,multipaper-server-5d4c584f66-4gz49
2025-06-03 06:16:46.976000071,16.119055566210232,mc_tps,multipaper-server,10.244.235.207:9100,minecraft-server,multipaper-marina,5d4c584f66,multipaper-server-5d4c584f66-4gz49
2025-06-03 06:16:47.976000071,15.313177604137127,mc_tps,multipaper-server,10.244.235.207:9100,minecraft-server,multipaper-marina,5d4c584f66,multipaper-server-5d4c584f66-4gz49
2025-06-03 06:16:48.976000071,15.568850194953615,mc_tps,multipaper-server,10.244.235.207:9100,minecraft-server,multipaper-marina,5d4c584f66,multipaper-server-5d4c584f66-4gz49
2025-06-03 06:16:49.953999996,16.729737100770507,mc_tps,multipaper-server,10.244.140.190:9100,minecraft-server,multipaper-marina,5d4c584f66,multipaper-server-5d4c584f66-8lqsh
2025-06-03 06:16:50.976000071,17.87363961689047,mc_tps,multipaper-server,10.244.235.207:9100,minecraft-server,multipaper-marina,5d4c584f66,multipaper-server-5d4c584f66-4gz49
2025-06-03 06:16:51.976000071,16.881919867300006,mc_tps,multipaper-server,10.244.235.207:9100,minecraft-server,multipaper-marina,5d4c584f66,multipaper-server-5d4c584f66-4gz49
2025-06-03 06:16:52.976000071,16.881919867300006,mc_tps,multipaper-server,10.244.235.207:9100,minecraft-server,multipaper-marina,5d4c584f66,multipaper-server-5d4c584f66-4gz49
2025-06-03 06:16:53.976000071,16.964288235603053,mc_tps,multipaper-server,10.244.235.207:9100,minecraft-server,multipaper-marina,5d4c584f66,multipaper-server-5d4c584f66-4gz49
2025-06-03 06:16:54.976000071,16.512559928891328,mc_tps,multipaper-server,10.244.235.207:9100,minecraft-server,multipaper-marina,5d4c584f66,multipaper-server-5d4c584f66-4gz49
2025-06-03 06:16:55.976000071,16.512559928891328,mc_tps,multipaper-server,10.244.235.207:9100,minecraft-server,multipaper-marina,5d4c584f66,multipaper-server-5d4c584f66-4gz49
2025-06-03 06:16:56.976000071,15.370260259106727,mc_tps,multipaper-server,10.244.235.207:9100,minecraft-server,multipaper-marina,5d4c584f66,multipaper-server-5d4c584f66-4gz49
2025-06-03 06:16:57.976000071,15.266525878123824,mc_tps,multipaper-server,10.244.235.207:9100,minecraft-server,multipaper-marina,5d4c584f66,multipaper-server-5d4c584f66-4gz49
2025-06-03 06:16:58.953999996,16.67271439926371,mc_tps,multipaper-server,10.244.140.190:9100,minecraft-server,multipaper-marina,5d4c584f66,multipaper-server-5d4c584f66-8lqsh
2025-06-03 06:16:59.953999996,16.93321771291639,mc_tps,multipaper-server,10.244.140.190:9100,minecraft-server,multipaper-marina,5d4c584f66,multipaper-server-5d4c584f66-8lqsh
2025-06-03 06:17:00.953999996,16.93321771291639,mc_tps,multipaper-server,10.244.140.190:9100,minecraft-server,multipaper-marina,5d4c584f66,multipaper-server-5d4c584f66-8lqsh
2025-06-03 06:17:01.953999996,15.622344606621438,mc_tps,multipaper-server,10.244.140.190:9100,minecraft-server,multipaper-marina,5d4c584f66,multipaper-server-5d4c584f66-8lqsh
2025-06-03 06:17:02.953999996,15.108867584485106,mc_tps,multipaper-server,10.244.140.190:9100,minecraft-server,multipaper-marina,5d4c584f66,multipaper-server-5d4c584f66-8lqsh
2025-06-03 06:17:03.953999996,15.108867584485106,mc_tps,multipaper-server,10.244.140.190:9100,minecraft-server,multipaper-marina,5d4c584f66,multipaper-server-5d4c584f66-8lqsh
2025-06-03 06:17:04.953999996,14.757648459601464,mc_tps,multipaper-server,10.244.140.190:9100,minecraft-server,multipaper-marina,5d4c584f66,multipaper-server-5d4c584f66-8lqsh
2025-06-03 06:17:05.976000071,14.805497254776911,mc_tps,multipaper-server,10.244.235.207:9100,minecraft-server,multipaper-marina,5d4c584f66,multipaper-server-5d4c584f66-4gz49
2025-06-03 06:17:06.976000071,13.528326036008163,mc_tps,multipaper-server,10.244.235.207:9100,minecraft-server,multipaper-marina,5d4c584f66,multipaper-server-5d4c584f66-4gz49
2025-06-03 06:17:07.976000071,13.638904116596525,mc_tps,multipaper-server,10.244.235.207:9100,minecraft-server,multipaper-marina,5d4c584f66,multipaper-server-5d4c584f66-4gz49
2025-06-03 06:17:08.953999996,14.076949912982164,mc_tps,multipaper-server,10.244.140.190:9100,minecraft-server,multipaper-marina,5d4c584f66,multipaper-server-5d4c584f66-8lqsh
2025-06-03 06:17:09.953999996,14.688659996299885,mc_tps,multipaper-server,10.244.140.190:9100,minecraft-server,multipaper-marina,5d4c584f66,multipaper-server-5d4c584f66-8lqsh
2025-06-03 06:17:10.953999996,15.205249970423052,mc_tps,multipaper-server,10.244.140.190:9100,minecraft-server,multipaper-marina,5d4c584f66,multipaper-server-5d4c584f66-8lqsh
2025-06-03 06:17:11.953999996,16.05051966550839,mc_tps,multipaper-server,10.244.140.190:9100,minecraft-server,multipaper-marina,5d4c584f66,multipaper-server-5d4c584f66-8lqsh
2025-06-03 06:17:12.953999996,17.256873837843273,mc_tps,multipaper-server,10.244.140.190:9100,minecraft-server,multipaper-marina,5d4c584f66,multipaper-server-5d4c584f66-8lqsh
2025-06-03 06:17:13.953999996,18.31494976813214,mc_tps,multipaper-server,10.244.140.190:9100,minecraft-server,multipaper-marina,5d4c584f66,multipaper-server-5d4c584f66-8lqsh
2025-06-03 06:17:14.953999996,19.103677756577728,mc_tps,multipaper-server,10.244.140.190:9100,minecraft-server,multipaper-marina,5d4c584f66,multipaper-server-5d4c584f66-8lqsh
2025-06-03 06:17:15.976000071,19.01514658479771,mc_tps,multipaper-server,10.244.235.207:9100,minecraft-server,multipaper-marina,5d4c584f66,multipaper-server-5d4c584f66-4gz49
2025-06-03 06:17:16.976000071,18.598145763230768,mc_tps,multipaper-server,10.244.235.207:9100,minecraft-server,multipaper-marina,5d4c584f66,multipaper-server-5d4c584f66-4gz49
2025-06-03 06:17:17.976000071,17.775602416934582,mc_tps,multipaper-server,10.244.235.207:9100,minecraft-server,multipaper-marina,5d4c584f66,multipaper-server-5d4c584f66-4gz49
2025-06-03 06:17:18.976000071,16.48246963206049,mc_tps,multipaper-server,10.244.235.207:9100,minecraft-server,multipaper-marina,5d4c584f66,multipaper-server-5d4c584f66-4gz49
2025-06-03 06:17:19.976000071,16.542364664230682,mc_tps,multipaper-server,10.244.235.207:9100,minecraft-server,multipaper-marina,5d4c584f66,multipaper-server-5d4c584f66-4gz49
2025-06-03 06:17:20.976000071,17.761571412715572,mc_tps,multipaper-server,10.244.235.207:9100,minecraft-server,multipaper-marina,5d4c584f66,multipaper-server-5d4c584f66-4gz49
2025-06-03 06:17:21.976000071,18.17955354491697,mc_tps,multipaper-server,10.244.235.207:9100,minecraft-server,multipaper-marina,5d4c584f66,multipaper-server-5d4c584f66-4gz49
2025-06-03 06:17:22.976000071,18.726413880408675,mc_tps,multipaper-server,10.244.235.207:9100,minecraft-server,multipaper-marina,5d4c584f66,multipaper-server-5d4c584f66-4gz49
2025-06-03 06:17:23.976000071,18.726413880408675,mc_tps,multipaper-server,10.244.235.207:9100,minecraft-server,multipaper-marina,5d4c584f66,multipaper-server-5d4c584f66-4gz49
2025-06-03 06:17:24.976000071,18.432583880459948,mc_tps,multipaper-server,10.244.235.207:9100,minecraft-server,multipaper-marina,5d4c584f66,multipaper-server-5d4c584f66-4gz49
2025-06-03 06:17:25.976000071,17.206901829282664,mc_tps,multipaper-server,10.244.235.207:9100,minecraft-server,multipaper-marina,5d4c584f66,multipaper-server-5d4c584f66-4gz49
2025-06-03 06:17:26.976000071,16.688649453605,mc_tps,multipaper-server,10.244.235.207:9100,minecraft-server,multipaper-marina,5d4c584f66,multipaper-server-5d4c584f66-4gz49
2025-06-03 06:17:27.976000071,16.946687873534955,mc_tps,multipaper-server,10.244.235.207:9100,minecraft-server,multipaper-marina,5d4c584f66,multipaper-server-5d4c584f66-4gz49
2025-06-03 06:17:28.976000071,17.17248961805371,mc_tps,multipaper-server,10.244.235.207:9100,minecraft-server,multipaper-marina,5d4c584f66,multipaper-server-5d4c584f66-4gz49
2025-06-03 06:17:29.976000071,17.343677207638276,mc_tps,multipaper-server,10.244.235.207:9100,minecraft-server,multipaper-marina,5d4c584f66,multipaper-server-5d4c584f66-4gz49
2025-06-03 06:17:30.976000071,17.343677207638276,mc_tps,multipaper-server,10.244.235.207:9100,minecraft-server,multipaper-marina,5d4c584f66,multipaper-server-5d4c584f66-4gz49
2025-06-03 06:17:31.953999996,16.21374669695113,mc_tps,multipaper-server,10.244.140.190:9100,minecraft-server,multipaper-marina,5d4c584f66,multipaper-server-5d4c584f66-8lqsh
2025-06-03 06:17:32.953999996,15.930024532968968,mc_tps,multipaper-server,10.244.140.190:9100,minecraft-server,multipaper-marina,5d4c584f66,multipaper-server-5d4c584f66-8lqsh
2025-06-03 06:17:33.953999996,15.930024532968968,mc_tps,multipaper-server,10.244.140.190:9100,minecraft-server,multipaper-marina,5d4c584f66,multipaper-server-5d4c584f66-8lqsh
2025-06-03 06:17:34.953999996,15.11336961571967,mc_tps,multipaper-server,10.244.140.190:9100,minecraft-server,multipaper-marina,5d4c584f66,multipaper-server-5d4c584f66-8lqsh
2025-06-03 06:17:35.953999996,15.679451122575117,mc_tps,multipaper-server,10.244.140.190:9100,minecraft-server,multipaper-marina,5d4c584f66,multipaper-server-5d4c584f66-8lqsh
2025-06-03 06:17:36.953999996,17.024536958297528,mc_tps,multipaper-server,10.244.140.190:9100,minecraft-server,multipaper-marina,5d4c584f66,multipaper-server-5d4c584f66-8lqsh
2025-06-03 06:17:37.976000071,18.516428216082048,mc_tps,multipaper-server,10.244.235.207:9100,minecraft-server,multipaper-marina,5d4c584f66,multipaper-server-5d4c584f66-4gz49
2025-06-03 06:17:38.976000071,17.64999044748982,mc_tps,multipaper-server,10.244.235.207:9100,minecraft-server,multipaper-marina,5d4c584f66,multipaper-server-5d4c584f66-4gz49
2025-06-03 06:17:39.976000071,17.64999044748982,mc_tps,multipaper-server,10.244.235.207:9100,minecraft-server,multipaper-marina,5d4c584f66,multipaper-server-5d4c584f66-4gz49
2025-06-03 06:17:40.976000071,16.631568626657263,mc_tps,multipaper-server,10.244.235.207:9100,minecraft-server,multipaper-marina,5d4c584f66,multipaper-server-5d4c584f66-4gz49
2025-06-03 06:17:41.976000071,16.631568626657263,mc_tps,multipaper-server,10.244.235.207:9100,minecraft-server,multipaper-marina,5d4c584f66,multipaper-server-5d4c584f66-4gz49
2025-06-03 06:17:42.976000071,16.72567495942803,mc_tps,multipaper-server,10.244.235.207:9100,minecraft-server,multipaper-marina,5d4c584f66,multipaper-server-5d4c584f66-4gz49
2025-06-03 06:17:43.953999996,17.015599563239302,mc_tps,multipaper-server,10.244.140.190:9100,minecraft-server,multipaper-marina,5d4c584f66,multipaper-server-5d4c584f66-8lqsh
2025-06-03 06:17:44.953999996,17.015599563239302,mc_tps,multipaper-server,10.244.140.190:9100,minecraft-server,multipaper-marina,5d4c584f66,multipaper-server-5d4c584f66-8lqsh
2025-06-03 06:17:45.953999996,16.87970674808495,mc_tps,multipaper-server,10.244.140.190:9100,minecraft-server,multipaper-marina,5d4c584f66,multipaper-server-5d4c584f66-8lqsh
2025-06-03 06:17:46.953999996,17.17614265917768,mc_tps,multipaper-server,10.244.140.190:9100,minecraft-server,multipaper-marina,5d4c584f66,multipaper-server-5d4c584f66-8lqsh
2025-06-03 06:17:47.953999996,17.750339350543946,mc_tps,multipaper-server,10.244.140.190:9100,minecraft-server,multipaper-marina,5d4c584f66,multipaper-server-5d4c584f66-8lqsh
2025-06-03 06:17:48.953999996,19.76770445074347,mc_tps,multipaper-server,10.244.140.190:9100,minecraft-server,multipaper-marina,5d4c584f66,multipaper-server-5d4c584f66-8lqsh
2025-06-03 06:17:49.976000071,19.6939407211439,mc_tps,multipaper-server,10.244.235.207:9100,minecraft-server,multipaper-marina,5d4c584f66,multipaper-server-5d4c584f66-4gz49
2025-06-03 06:17:50.976000071,19.380665495799654,mc_tps,multipaper-server,10.244.235.207:9100,minecraft-server,multipaper-marina,5d4c584f66,multipaper-server-5d4c584f66-4gz49
2025-06-03 06:17:51.976000071,19.40682687817212,mc_tps,multipaper-server,10.244.235.207:9100,minecraft-server,multipaper-marina,5d4c584f66,multipaper-server-5d4c584f66-4gz49
2025-06-03 06:17:52.953999996,20.0,mc_tps,multipaper-server,10.244.140.190:9100,minecraft-server,multipaper-marina,5d4c584f66,multipaper-server-5d4c584f66-8lqsh
2025-06-03 06:17:53.953999996,20.0,mc_tps,multipaper-server,10.244.140.190:9100,minecraft-server,multipaper-marina,5d4c584f66,multipaper-server-5d4c584f66-8lqsh
2025-06-03 06:17:54.953999996,20.0,mc_tps,multipaper-server,10.244.140.190:9100,minecraft-server,multipaper-marina,5d4c584f66,multipaper-server-5d4c584f66-8lqsh
2025-06-03 06:17:55.953999996,19.144522585865868,mc_tps,multipaper-server,10.244.140.190:9100,minecraft-server,multipaper-marina,5d4c584f66,multipaper-server-5d4c584f66-8lqsh
2025-06-03 06:17:56.953999996,18.991623302607312,mc_tps,multipaper-server,10.244.140.190:9100,minecraft-server,multipaper-marina,5d4c584f66,multipaper-server-5d4c584f66-8lqsh
2025-06-03 06:17:57.976000071,17.859558563358586,mc_tps,multipaper-server,10.244.235.207:9100,minecraft-server,multipaper-marina,5d4c584f66,multipaper-server-5d4c584f66-4gz49
2025-06-03 06:17:58.976000071,17.70114306890861,mc_tps,multipaper-server,10.244.235.207:9100,minecraft-server,multipaper-marina,5d4c584f66,multipaper-server-5d4c584f66-4gz49
2025-06-03 06:17:59.976000071,17.656651160714507,mc_tps,multipaper-server,10.244.235.207:9100,minecraft-server,multipaper-marina,5d4c584f66,multipaper-server-5d4c584f66-4gz49
2025-06-03 06:18:00.976000071,18.243736408172367,mc_tps,multipaper-server,10.244.235.207:9100,minecraft-server,multipaper-marina,5d4c584f66,multipaper-server-5d4c584f66-4gz49
2025-06-03 06:18:01.976000071,19.11092392852966,mc_tps,multipaper-server,10.244.235.207:9100,minecraft-server,multipaper-marina,5d4c584f66,multipaper-server-5d4c584f66-4gz49
2025-06-03 06:18:02.953999996,17.828781639972586,mc_tps,multipaper-server,10.244.140.190:9100,minecraft-server,multipaper-marina,5d4c584f66,multipaper-server-5d4c584f66-8lqsh
2025-06-03 06:18:03.953999996,17.198633618779,mc_tps,multipaper-server,10.244.140.190:9100,minecraft-server,multipaper-marina,5d4c584f66,multipaper-server-5d4c584f66-8lqsh
2025-06-03 06:18:04.953999996,16.91336996613778,mc_tps,multipaper-server,10.244.140.190:9100,minecraft-server,multipaper-marina,5d4c584f66,multipaper-server-5d4c584f66-8lqsh
2025-06-03 06:18:05.953999996,17.17622084865152,mc_tps,multipaper-server,10.244.140.190:9100,minecraft-server,multipaper-marina,5d4c584f66,multipaper-server-5d4c584f66-8lqsh
2025-06-03 06:18:06.953999996,16.97041500544052,mc_tps,multipaper-server,10.244.140.190:9100,minecraft-server,multipaper-marina,5d4c584f66,multipaper-server-5d4c584f66-8lqsh
2025-06-03 06:18:07.953999996,16.97041500544052,mc_tps,multipaper-server,10.244.140.190:9100,minecraft-server,multipaper-marina,5d4c584f66,multipaper-server-5d4c584f66-8lqsh
2025-06-03 06:18:08.953999996,16.96297701212774,mc_tps,multipaper-server,10.244.140.190:9100,minecraft-server,multipaper-marina,5d4c584f66,multipaper-server-5d4c584f66-8lqsh
2025-06-03 06:18:09.953999996,17.251533875496197,mc_tps,multipaper-server,10.244.140.190:9100,minecraft-server,multipaper-marina,5d4c584f66,multipaper-server-5d4c584f66-8lqsh
2025-06-03 06:18:10.953999996,17.864994994589274,mc_tps,multipaper-server,10.244.140.190:9100,minecraft-server,multipaper-marina,5d4c584f66,multipaper-server-5d4c584f66-8lqsh
2025-06-03 06:18:11.976000071,16.751370140085605,mc_tps,multipaper-server,10.244.235.207:9100,minecraft-server,multipaper-marina,5d4c584f66,multipaper-server-5d4c584f66-4gz49
2025-06-03 06:18:12.953999996,16.281196981553997,mc_tps,multipaper-server,10.244.140.190:9100,minecraft-server,multipaper-marina,5d4c584f66,multipaper-server-5d4c584f66-8lqsh
2025-06-03 06:18:13.953999996,17.551259500303264,mc_tps,multipaper-server,10.244.140.190:9100,minecraft-server,multipaper-marina,5d4c584f66,multipaper-server-5d4c584f66-8lqsh
2025-06-03 06:18:14.953999996,17.891916695030467,mc_tps,multipaper-server,10.244.140.190:9100,minecraft-server,multipaper-marina,5d4c584f66,multipaper-server-5d4c584f66-8lqsh
2025-06-03 06:18:15.953999996,17.73012084883526,mc_tps,multipaper-server,10.244.140.190:9100,minecraft-server,multipaper-marina,5d4c584f66,multipaper-server-5d4c584f66-8lqsh
2025-06-03 06:18:16.953999996,17.73012084883526,mc_tps,multipaper-server,10.244.140.190:9100,minecraft-server,multipaper-marina,5d4c584f66,multipaper-server-5d4c584f66-8lqsh
2025-06-03 06:18:17.953999996,18.24336068635685,mc_tps,multipaper-server,10.244.140.190:9100,minecraft-server,multipaper-marina,5d4c584f66,multipaper-server-5d4c584f66-8lqsh
2025-06-03 06:18:18.976000071,18.254336014224386,mc_tps,multipaper-server,10.244.235.207:9100,minecraft-server,multipaper-marina,5d4c584f66,multipaper-server-5d4c584f66-4gz49
2025-06-03 06:18:19.976000071,18.0898372664723,mc_tps,multipaper-server,10.244.235.207:9100,minecraft-server,multipaper-marina,5d4c584f66,multipaper-server-5d4c584f66-4gz49
2025-06-03 06:18:20.953999996,18.569150595043304,mc_tps,multipaper-server,10.244.140.190:9100,minecraft-server,multipaper-marina,5d4c584f66,multipaper-server-5d4c584f66-8lqsh
2025-06-03 06:18:21.953999996,20.0,mc_tps,multipaper-server,10.244.140.190:9100,minecraft-server,multipaper-marina,5d4c584f66,multipaper-server-5d4c584f66-8lqsh
2025-06-03 06:18:22.976000071,19.967540558405833,mc_tps,multipaper-server,10.244.235.207:9100,minecraft-server,multipaper-marina,5d4c584f66,multipaper-server-5d4c584f66-4gz49
2025-06-03 06:18:23.976000071,19.919666669493,mc_tps,multipaper-server,10.244.235.207:9100,minecraft-server,multipaper-marina,5d4c584f66,multipaper-server-5d4c584f66-4gz49
2025-06-03 06:18:24.976000071,19.975125914529553,mc_tps,multipaper-server,10.244.235.207:9100,minecraft-server,multipaper-marina,5d4c584f66,multipaper-server-5d4c584f66-4gz49
2025-06-03 06:18:25.976000071,19.095031104200732,mc_tps,multipaper-server,10.244.235.207:9100,minecraft-server,multipaper-marina,5d4c584f66,multipaper-server-5d4c584f66-4gz49
2025-06-03 06:18:26.953999996,19.96233128846691,mc_tps,multipaper-server,10.244.140.190:9100,minecraft-server,multipaper-marina,5d4c584f66,multipaper-server-5d4c584f66-8lqsh
2025-06-03 06:18:27.953999996,19.4655835610051,mc_tps,multipaper-server,10.244.140.190:9100,minecraft-server,multipaper-marina,5d4c584f66,multipaper-server-5d4c584f66-8lqsh
2025-06-03 06:18:28.953999996,17.785440074194767,mc_tps,multipaper-server,10.244.140.190:9100,minecraft-server,multipaper-marina,5d4c584f66,multipaper-server-5d4c584f66-8lqsh
2025-06-03 06:18:29.953999996,16.97714708098914,mc_tps,multipaper-server,10.244.140.190:9100,minecraft-server,multipaper-marina,5d4c584f66,multipaper-server-5d4c584f66-8lqsh
2025-06-03 06:18:30.953999996,17.598187619252865,mc_tps,multipaper-server,10.244.140.190:9100,minecraft-server,multipaper-marina,5d4c584f66,multipaper-server-5d4c584f66-8lqsh
2025-06-03 06:18:31.976000071,18.99182374278802,mc_tps,multipaper-server,10.244.235.207:9100,minecraft-server,multipaper-marina,5d4c584f66,multipaper-server-5d4c584f66-4gz49
2025-06-03 06:18:32.953999996,18.54851869686891,mc_tps,multipaper-server,10.244.140.190:9100,minecraft-server,multipaper-marina,5d4c584f66,multipaper-server-5d4c584f66-8lqsh
2025-06-03 06:18:33.953999996,18.459549365008336,mc_tps,multipaper-server,10.244.140.190:9100,minecraft-server,multipaper-marina,5d4c584f66,multipaper-server-5d4c584f66-8lqsh
2025-06-03 06:18:34.953999996,18.969988791208415,mc_tps,multipaper-server,10.244.140.190:9100,minecraft-server,multipaper-marina,5d4c584f66,multipaper-server-5d4c584f66-8lqsh
2025-06-03 06:18:35.953999996,18.91615182844214,mc_tps,multipaper-server,10.244.140.190:9100,minecraft-server,multipaper-marina,5d4c584f66,multipaper-server-5d4c584f66-8lqsh
2025-06-03 06:18:36.953999996,19.015753711643946,mc_tps,multipaper-server,10.244.140.190:9100,minecraft-server,multipaper-marina,5d4c584f66,multipaper-server-5d4c584f66-8lqsh
2025-06-03 06:18:37.953999996,19.93387987064416,mc_tps,multipaper-server,10.244.140.190:9100,minecraft-server,multipaper-marina,5d4c584f66,multipaper-server-5d4c584f66-8lqsh
2025-06-03 06:18:38.953999996,20.0,mc_tps,multipaper-server,10.244.140.190:9100,minecraft-server,multipaper-marina,5d4c584f66,multipaper-server-5d4c584f66-8lqsh
2025-06-03 06:18:39.953999996,20.0,mc_tps,multipaper-server,10.244.140.190:9100,minecraft-server,multipaper-marina,5d4c584f66,multipaper-server-5d4c584f66-8lqsh
2025-06-03 06:18:40.976000071,18.698726871993735,mc_tps,multipaper-server,10.244.235.207:9100,minecraft-server,multipaper-marina,5d4c584f66,multipaper-server-5d4c584f66-4gz49
2025-06-03 06:18:41.953999996,18.41835382121391,mc_tps,multipaper-server,10.244.140.190:9100,minecraft-server,multipaper-marina,5d4c584f66,multipaper-server-5d4c584f66-8lqsh
2025-06-03 06:18:42.976000071,18.3384365959533,mc_tps,multipaper-server,10.244.235.207:9100,minecraft-server,multipaper-marina,5d4c584f66,multipaper-server-5d4c584f66-4gz49
2025-06-03 06:18:43.953999996,16.955361130064727,mc_tps,multipaper-server,10.244.140.190:9100,minecraft-server,multipaper-marina,5d4c584f66,multipaper-server-5d4c584f66-8lqsh
2025-06-03 06:18:44.953999996,15.853532500615314,mc_tps,multipaper-server,10.244.140.190:9100,minecraft-server,multipaper-marina,5d4c584f66,multipaper-server-5d4c584f66-8lqsh
2025-06-03 06:18:45.953999996,15.96429087493659,mc_tps,multipaper-server,10.244.140.190:9100,minecraft-server,multipaper-marina,5d4c584f66,multipaper-server-5d4c584f66-8lqsh
2025-06-03 06:18:46.976000071,16.403884930033897,mc_tps,multipaper-server,10.244.235.207:9100,minecraft-server,multipaper-marina,5d4c584f66,multipaper-server-5d4c584f66-4gz49
2025-06-03 06:18:47.976000071,16.339031235581064,mc_tps,multipaper-server,10.244.235.207:9100,minecraft-server,multipaper-marina,5d4c584f66,multipaper-server-5d4c584f66-4gz49
2025-06-03 06:18:48.976000071,17.296423720568086,mc_tps,multipaper-server,10.244.235.207:9100,minecraft-server,multipaper-marina,5d4c584f66,multipaper-server-5d4c584f66-4gz49
2025-06-03 06:18:49.976000071,18.12617179345156,mc_tps,multipaper-server,10.244.235.207:9100,minecraft-server,multipaper-marina,5d4c584f66,multipaper-server-5d4c584f66-4gz49
2025-06-03 06:18:50.976000071,18.477115675207756,mc_tps,multipaper-server,10.244.235.207:9100,minecraft-server,multipaper-marina,5d4c584f66,multipaper-server-5d4c584f66-4gz49
2025-06-03 06:18:51.953999996,19.34299298340241,mc_tps,multipaper-server,10.244.140.190:9100,minecraft-server,multipaper-marina,5d4c584f66,multipaper-server-5d4c584f66-8lqsh
2025-06-03 06:18:52.953999996,19.419506344862096,mc_tps,multipaper-server,10.244.140.190:9100,minecraft-server,multipaper-marina,5d4c584f66,multipaper-server-5d4c584f66-8lqsh
2025-06-03 06:18:53.953999996,17.929196992559437,mc_tps,multipaper-server,10.244.140.190:9100,minecraft-server,multipaper-marina,5d4c584f66,multipaper-server-5d4c584f66-8lqsh
2025-06-03 06:18:54.976000071,17.09739409823359,mc_tps,multipaper-server,10.244.235.207:9100,minecraft-server,multipaper-marina,5d4c584f66,multipaper-server-5d4c584f66-4gz49
2025-06-03 06:18:55.976000071,16.264504007664055,mc_tps,multipaper-server,10.244.235.207:9100,minecraft-server,multipaper-marina,5d4c584f66,multipaper-server-5d4c584f66-4gz49
2025-06-03 06:18:56.976000071,16.21505240493331,mc_tps,multipaper-server,10.244.235.207:9100,minecraft-server,multipaper-marina,5d4c584f66,multipaper-server-5d4c584f66-4gz49
2025-06-03 06:18:57.976000071,16.90124726612755,mc_tps,multipaper-server,10.244.235.207:9100,minecraft-server,multipaper-marina,5d4c584f66,multipaper-server-5d4c584f66-4gz49
2025-06-03 06:18:58.976000071,18.92414837665278,mc_tps,multipaper-server,10.244.235.207:9100,minecraft-server,multipaper-marina,5d4c584f66,multipaper-server-5d4c584f66-4gz49
2025-06-03 06:18:59.953999996,20.0,mc_tps,multipaper-server,10.244.140.190:9100,minecraft-server,multipaper-marina,5d4c584f66,multipaper-server-5d4c584f66-8lqsh
2025-06-03 06:19:00.953999996,20.0,mc_tps,multipaper-server,10.244.140.190:9100,minecraft-server,multipaper-marina,5d4c584f66,multipaper-server-5d4c584f66-8lqsh
2025-06-03 06:19:01.953999996,19.709608813608057,mc_tps,multipaper-server,10.244.140.190:9100,minecraft-server,multipaper-marina,5d4c584f66,multipaper-server-5d4c584f66-8lqsh
2025-06-03 06:19:02.953999996,19.24979778915164,mc_tps,multipaper-server,10.244.140.190:9100,minecraft-server,multipaper-marina,5d4c584f66,multipaper-server-5d4c584f66-8lqsh
2025-06-03 06:19:03.953999996,19.24979778915164,mc_tps,multipaper-server,10.244.140.190:9100,minecraft-server,multipaper-marina,5d4c584f66,multipaper-server-5d4c584f66-8lqsh
2025-06-03 06:19:04.953999996,17.631070461682203,mc_tps,multipaper-server,10.244.140.190:9100,minecraft-server,multipaper-marina,5d4c584f66,multipaper-server-5d4c584f66-8lqsh
2025-06-03 06:19:05.953999996,17.1239698708401,mc_tps,multipaper-server,10.244.140.190:9100,minecraft-server,multipaper-marina,5d4c584f66,multipaper-server-5d4c584f66-8lqsh
2025-06-03 06:19:06.953999996,17.644560533317247,mc_tps,multipaper-server,10.244.140.190:9100,minecraft-server,multipaper-marina,5d4c584f66,multipaper-server-5d4c584f66-8lqsh
2025-06-03 06:19:07.953999996,19.683484161721378,mc_tps,multipaper-server,10.244.140.190:9100,minecraft-server,multipaper-marina,5d4c584f66,multipaper-server-5d4c584f66-8lqsh
2025-06-03 06:19:08.953999996,20.0,mc_tps,multipaper-server,10.244.140.190:9100,minecraft-server,multipaper-marina,5d4c584f66,multipaper-server-5d4c584f66-8lqsh
2025-06-03 06:19:09.953999996,20.0,mc_tps,multipaper-server,10.244.140.190:9100,minecraft-server,multipaper-marina,5d4c584f66,multipaper-server-5d4c584f66-8lqsh
2025-06-03 06:19:10.953999996,20.0,mc_tps,multipaper-server,10.244.140.190:9100,minecraft-server,multipaper-marina,5d4c584f66,multipaper-server-5d4c584f66-8lqsh
2025-06-03 06:19:11.953999996,20.0,mc_tps,multipaper-server,10.244.140.190:9100,minecraft-server,multipaper-marina,5d4c584f66,multipaper-server-5d4c584f66-8lqsh
2025-06-03 06:19:12.953999996,19.543685081882956,mc_tps,multipaper-server,10.244.140.190:9100,minecraft-server,multipaper-marina,5d4c584f66,multipaper-server-5d4c584f66-8lqsh
2025-06-03 06:19:13.953999996,18.980502195036525,mc_tps,multipaper-server,10.244.140.190:9100,minecraft-server,multipaper-marina,5d4c584f66,multipaper-server-5d4c584f66-8lqsh
2025-06-03 06:19:14.953999996,17.568974192585767,mc_tps,multipaper-server,10.244.140.190:9100,minecraft-server,multipaper-marina,5d4c584f66,multipaper-server-5d4c584f66-8lqsh
2025-06-03 06:19:15.953999996,17.308515886155188,mc_tps,multipaper-server,10.244.140.190:9100,minecraft-server,multipaper-marina,5d4c584f66,multipaper-server-5d4c584f66-8lqsh
2025-06-03 06:19:16.953999996,18.4621424314979,mc_tps,multipaper-server,10.244.140.190:9100,minecraft-server,multipaper-marina,5d4c584f66,multipaper-server-5d4c584f66-8lqsh
2025-06-03 06:19:17.953999996,20.0,mc_tps,multipaper-server,10.244.140.190:9100,minecraft-server,multipaper-marina,5d4c584f66,multipaper-server-5d4c584f66-8lqsh
2025-06-03 06:19:18.976000071,18.819525183605453,mc_tps,multipaper-server,10.244.235.207:9100,minecraft-server,multipaper-marina,5d4c584f66,multipaper-server-5d4c584f66-4gz49
2025-06-03 06:19:19.976000071,18.561573266714294,mc_tps,multipaper-server,10.244.235.207:9100,minecraft-server,multipaper-marina,5d4c584f66,multipaper-server-5d4c584f66-4gz49
2025-06-03 06:19:20.976000071,19.76251638209596,mc_tps,multipaper-server,10.244.235.207:9100,minecraft-server,multipaper-marina,5d4c584f66,multipaper-server-5d4c584f66-4gz49
2025-06-03 06:19:21.953999996,20.0,mc_tps,multipaper-server,10.244.140.190:9100,minecraft-server,multipaper-marina,5d4c584f66,multipaper-server-5d4c584f66-8lqsh
2025-06-03 06:19:22.953999996,20.0,mc_tps,multipaper-server,10.244.140.190:9100,minecraft-server,multipaper-marina,5d4c584f66,multipaper-server-5d4c584f66-8lqsh
2025-06-03 06:19:23.953999996,20.0,mc_tps,multipaper-server,10.244.140.190:9100,minecraft-server,multipaper-marina,5d4c584f66,multipaper-server-5d4c584f66-8lqsh
2025-06-03 06:19:24.953999996,20.0,mc_tps,multipaper-server,10.244.140.190:9100,minecraft-server,multipaper-marina,5d4c584f66,multipaper-server-5d4c584f66-8lqsh
2025-06-03 06:19:25.953999996,17.964322309060236,mc_tps,multipaper-server,10.244.140.190:9100,minecraft-server,multipaper-marina,5d4c584f66,multipaper-server-5d4c584f66-8lqsh
2025-06-03 06:19:26.953999996,16.63467887784109,mc_tps,multipaper-server,10.244.140.190:9100,minecraft-server,multipaper-marina,5d4c584f66,multipaper-server-5d4c584f66-8lqsh
2025-06-03 06:19:27.953999996,16.584269723712946,mc_tps,multipaper-server,10.244.140.190:9100,minecraft-server,multipaper-marina,5d4c584f66,multipaper-server-5d4c584f66-8lqsh
2025-06-03 06:19:28.976000071,15.952526307774557,mc_tps,multipaper-server,10.244.235.207:9100,minecraft-server,multipaper-marina,5d4c584f66,multipaper-server-5d4c584f66-4gz49
2025-06-03 06:19:29.976000071,15.952526307774557,mc_tps,multipaper-server,10.244.235.207:9100,minecraft-server,multipaper-marina,5d4c584f66,multipaper-server-5d4c584f66-4gz49
2025-06-03 06:19:30.976000071,15.702387136891373,mc_tps,multipaper-server,10.244.235.207:9100,minecraft-server,multipaper-marina,5d4c584f66,multipaper-server-5d4c584f66-4gz49
2025-06-03 06:19:31.976000071,15.33501915584729,mc_tps,multipaper-server,10.244.235.207:9100,minecraft-server,multipaper-marina,5d4c584f66,multipaper-server-5d4c584f66-4gz49
2025-06-03 06:19:32.976000071,15.11611178169181,mc_tps,multipaper-server,10.244.235.207:9100,minecraft-server,multipaper-marina,5d4c584f66,multipaper-server-5d4c584f66-4gz49
2025-06-03 06:19:33.976000071,15.11611178169181,mc_tps,multipaper-server,10.244.235.207:9100,minecraft-server,multipaper-marina,5d4c584f66,multipaper-server-5d4c584f66-4gz49
2025-06-03 06:19:34.976000071,14.911765196014532,mc_tps,multipaper-server,10.244.235.207:9100,minecraft-server,multipaper-marina,5d4c584f66,multipaper-server-5d4c584f66-4gz49
2025-06-03 06:19:35.976000071,15.4567017820555,mc_tps,multipaper-server,10.244.235.207:9100,minecraft-server,multipaper-marina,5d4c584f66,multipaper-server-5d4c584f66-4gz49
2025-06-03 06:19:36.976000071,16.71089399723465,mc_tps,multipaper-server,10.244.235.207:9100,minecraft-server,multipaper-marina,5d4c584f66,multipaper-server-5d4c584f66-4gz49
2025-06-03 06:19:37.976000071,19.898071678132347,mc_tps,multipaper-server,10.244.235.207:9100,minecraft-server,multipaper-marina,5d4c584f66,multipaper-server-5d4c584f66-4gz49
2025-06-03 06:19:38.953999996,18.776637783485445,mc_tps,multipaper-server,10.244.140.190:9100,minecraft-server,multipaper-marina,5d4c584f66,multipaper-server-5d4c584f66-8lqsh
2025-06-03 06:19:39.953999996,17.122008651322922,mc_tps,multipaper-server,10.244.140.190:9100,minecraft-server,multipaper-marina,5d4c584f66,multipaper-server-5d4c584f66-8lqsh
2025-06-03 06:19:40.953999996,16.733386541430743,mc_tps,multipaper-server,10.244.140.190:9100,minecraft-server,multipaper-marina,5d4c584f66,multipaper-server-5d4c584f66-8lqsh
2025-06-03 06:19:41.953999996,16.81352247034913,mc_tps,multipaper-server,10.244.140.190:9100,minecraft-server,multipaper-marina,5d4c584f66,multipaper-server-5d4c584f66-8lqsh
2025-06-03 06:19:42.953999996,17.94720866117875,mc_tps,multipaper-server,10.244.140.190:9100,minecraft-server,multipaper-marina,5d4c584f66,multipaper-server-5d4c584f66-8lqsh
2025-06-03 06:19:43.953999996,20.0,mc_tps,multipaper-server,10.244.140.190:9100,minecraft-server,multipaper-marina,5d4c584f66,multipaper-server-5d4c584f66-8lqsh
2025-06-03 06:19:44.953999996,20.0,mc_tps,multipaper-server,10.244.140.190:9100,minecraft-server,multipaper-marina,5d4c584f66,multipaper-server-5d4c584f66-8lqsh
2025-06-03 06:19:45.953999996,20.0,mc_tps,multipaper-server,10.244.140.190:9100,minecraft-server,multipaper-marina,5d4c584f66,multipaper-server-5d4c584f66-8lqsh
2025-06-03 06:19:46.953999996,20.0,mc_tps,multipaper-server,10.244.140.190:9100,minecraft-server,multipaper-marina,5d4c584f66,multipaper-server-5d4c584f66-8lqsh
2025-06-03 06:19:47.976000071,18.967720336536896,mc_tps,multipaper-server,10.244.235.207:9100,minecraft-server,multipaper-marina,5d4c584f66,multipaper-server-5d4c584f66-4gz49
2025-06-03 06:19:48.976000071,17.82291829643887,mc_tps,multipaper-server,10.244.235.207:9100,minecraft-server,multipaper-marina,5d4c584f66,multipaper-server-5d4c584f66-4gz49
2025-06-03 06:19:49.976000071,16.569197588622373,mc_tps,multipaper-server,10.244.235.207:9100,minecraft-server,multipaper-marina,5d4c584f66,multipaper-server-5d4c584f66-4gz49
2025-06-03 06:19:50.976000071,16.681068397736222,mc_tps,multipaper-server,10.244.235.207:9100,minecraft-server,multipaper-marina,5d4c584f66,multipaper-server-5d4c584f66-4gz49
2025-06-03 06:19:51.976000071,17.24142808277768,mc_tps,multipaper-server,10.244.235.207:9100,minecraft-server,multipaper-marina,5d4c584f66,multipaper-server-5d4c584f66-4gz49
2025-06-03 06:19:52.976000071,17.24142808277768,mc_tps,multipaper-server,10.244.235.207:9100,minecraft-server,multipaper-marina,5d4c584f66,multipaper-server-5d4c584f66-4gz49
2025-06-03 06:19:53.976000071,17.14901927839568,mc_tps,multipaper-server,10.244.235.207:9100,minecraft-server,multipaper-marina,5d4c584f66,multipaper-server-5d4c584f66-4gz49
2025-06-03 06:19:54.976000071,18.73997200555893,mc_tps,multipaper-server,10.244.235.207:9100,minecraft-server,multipaper-marina,5d4c584f66,multipaper-server-5d4c584f66-4gz49
2025-06-03 06:19:55.976000071,19.139520990262525,mc_tps,multipaper-server,10.244.235.207:9100,minecraft-server,multipaper-marina,5d4c584f66,multipaper-server-5d4c584f66-4gz49
2025-06-03 06:19:56.976000071,19.139520990262525,mc_tps,multipaper-server,10.244.235.207:9100,minecraft-server,multipaper-marina,5d4c584f66,multipaper-server-5d4c584f66-4gz49
2025-06-03 06:19:57.953999996,20.0,mc_tps,multipaper-server,10.244.140.190:9100,minecraft-server,multipaper-marina,5d4c584f66,multipaper-server-5d4c584f66-8lqsh
2025-06-03 06:19:58.953999996,20.0,mc_tps,multipaper-server,10.244.140.190:9100,minecraft-server,multipaper-marina,5d4c584f66,multipaper-server-5d4c584f66-8lqsh
2025-06-03 06:19:59.953999996,20.0,mc_tps,multipaper-server,10.244.140.190:9100,minecraft-server,multipaper-marina,5d4c584f66,multipaper-server-5d4c584f66-8lqsh
2025-06-03 06:20:00.953999996,20.0,mc_tps,multipaper-server,10.244.140.190:9100,minecraft-server,multipaper-marina,5d4c584f66,multipaper-server-5d4c584f66-8lqsh
2025-06-03 06:20:01.953999996,20.0,mc_tps,multipaper-server,10.244.140.190:9100,minecraft-server,multipaper-marina,5d4c584f66,multipaper-server-5d4c584f66-8lqsh
2025-06-03 06:20:02.953999996,20.0,mc_tps,multipaper-server,10.244.140.190:9100,minecraft-server,multipaper-marina,5d4c584f66,multipaper-server-5d4c584f66-8lqsh
2025-06-03 06:20:03.953999996,20.0,mc_tps,multipaper-server,10.244.140.190:9100,minecraft-server,multipaper-marina,5d4c584f66,multipaper-server-5d4c584f66-8lqsh
2025-06-03 06:20:04.976000071,19.999895980541005,mc_tps,multipaper-server,10.244.235.207:9100,minecraft-server,multipaper-marina,5d4c584f66,multipaper-server-5d4c584f66-4gz49
2025-06-03 06:20:05.976000071,19.999583684666103,mc_tps,multipaper-server,10.244.235.207:9100,minecraft-server,multipaper-marina,5d4c584f66,multipaper-server-5d4c584f66-4gz49
2025-06-03 06:20:06.953999996,20.0,mc_tps,multipaper-server,10.244.140.190:9100,minecraft-server,multipaper-marina,5d4c584f66,multipaper-server-5d4c584f66-8lqsh
2025-06-03 06:20:07.976000071,19.999392578448607,mc_tps,multipaper-server,10.244.235.207:9100,minecraft-server,multipaper-marina,5d4c584f66,multipaper-server-5d4c584f66-4gz49
2025-06-03 06:20:08.953999996,20.0,mc_tps,multipaper-server,10.244.140.190:9100,minecraft-server,multipaper-marina,5d4c584f66,multipaper-server-5d4c584f66-8lqsh
2025-06-03 06:20:09.953999996,19.999739363396618,mc_tps,multipaper-server,10.244.140.190:9100,minecraft-server,multipaper-marina,5d4c584f66,multipaper-server-5d4c584f66-8lqsh
2025-06-03 06:20:10.953999996,20.0,mc_tps,multipaper-server,10.244.140.190:9100,minecraft-server,multipaper-marina,5d4c584f66,multipaper-server-5d4c584f66-8lqsh
2025-06-03 06:20:11.976000071,19.99998434001226,mc_tps,multipaper-server,10.244.235.207:9100,minecraft-server,multipaper-marina,5d4c584f66,multipaper-server-5d4c584f66-4gz49
2025-06-03 06:20:12.953999996,19.999816625681323,mc_tps,multipaper-server,10.244.140.190:9100,minecraft-server,multipaper-marina,5d4c584f66,multipaper-server-5d4c584f66-8lqsh
2025-06-03 06:20:13.953999996,19.99958384065961,mc_tps,multipaper-server,10.244.140.190:9100,minecraft-server,multipaper-marina,5d4c584f66,multipaper-server-5d4c584f66-8lqsh
2025-06-03 06:20:14.953999996,20.0,mc_tps,multipaper-server,10.244.140.190:9100,minecraft-server,multipaper-marina,5d4c584f66,multipaper-server-5d4c584f66-8lqsh
2025-06-03 06:20:15.976000071,19.9993644441972,mc_tps,multipaper-server,10.244.235.207:9100,minecraft-server,multipaper-marina,5d4c584f66,multipaper-server-5d4c584f66-4gz49
2025-06-03 06:20:16.953999996,19.99999780400024,mc_tps,multipaper-server,10.244.140.190:9100,minecraft-server,multipaper-marina,5d4c584f66,multipaper-server-5d4c584f66-8lqsh
2025-06-03 06:20:17.976000071,19.999714680070433,mc_tps,multipaper-server,10.244.235.207:9100,minecraft-server,multipaper-marina,5d4c584f66,multipaper-server-5d4c584f66-4gz49
2025-06-03 06:20:18.953999996,20.0,mc_tps,multipaper-server,10.244.140.190:9100,minecraft-server,multipaper-marina,5d4c584f66,multipaper-server-5d4c584f66-8lqsh
2025-06-03 06:20:19.976000071,19.999566565393483,mc_tps,multipaper-server,10.244.235.207:9100,minecraft-server,multipaper-marina,5d4c584f66,multipaper-server-5d4c584f66-4gz49
2025-06-03 06:20:20.953999996,19.99973812342901,mc_tps,multipaper-server,10.244.140.190:9100,minecraft-server,multipaper-marina,5d4c584f66,multipaper-server-5d4c584f66-8lqsh
2025-06-03 06:20:21.953999996,19.999977848024535,mc_tps,multipaper-server,10.244.140.190:9100,minecraft-server,multipaper-marina,5d4c584f66,multipaper-server-5d4c584f66-8lqsh
2025-06-03 06:20:22.953999996,20.0,mc_tps,multipaper-server,10.244.140.190:9100,minecraft-server,multipaper-marina,5d4c584f66,multipaper-server-5d4c584f66-8lqsh
2025-06-03 06:20:23.953999996,19.999602799888553,mc_tps,multipaper-server,10.244.140.190:9100,minecraft-server,multipaper-marina,5d4c584f66,multipaper-server-5d4c584f66-8lqsh
2025-06-03 06:20:24.976000071,19.999929632247586,mc_tps,multipaper-server,10.244.235.207:9100,minecraft-server,multipaper-marina,5d4c584f66,multipaper-server-5d4c584f66-4gz49
2025-06-03 06:20:25.953999996,20.0,mc_tps,multipaper-server,10.244.140.190:9100,minecraft-server,multipaper-marina,5d4c584f66,multipaper-server-5d4c584f66-8lqsh
2025-06-03 06:20:26.953999996,19.99961674734427,mc_tps,multipaper-server,10.244.140.190:9100,minecraft-server,multipaper-marina,5d4c584f66,multipaper-server-5d4c584f66-8lqsh
2025-06-03 06:20:27.976000071,19.99996826005037,mc_tps,multipaper-server,10.244.235.207:9100,minecraft-server,multipaper-marina,5d4c584f66,multipaper-server-5d4c584f66-4gz49
2025-06-03 06:20:28.953999996,20.0,mc_tps,multipaper-server,10.244.140.190:9100,minecraft-server,multipaper-marina,5d4c584f66,multipaper-server-5d4c584f66-8lqsh
2025-06-03 06:20:29.953999996,19.99993008424441,mc_tps,multipaper-server,10.244.140.190:9100,minecraft-server,multipaper-marina,5d4c584f66,multipaper-server-5d4c584f66-8lqsh
2025-06-03 06:20:30.953999996,20.0,mc_tps,multipaper-server,10.244.140.190:9100,minecraft-server,multipaper-marina,5d4c584f66,multipaper-server-5d4c584f66-8lqsh
2025-06-03 06:20:31.976000071,19.999838057311283,mc_tps,multipaper-server,10.244.235.207:9100,minecraft-server,multipaper-marina,5d4c584f66,multipaper-server-5d4c584f66-4gz49
2025-06-03 06:20:32.953999996,20.0,mc_tps,multipaper-server,10.244.140.190:9100,minecraft-server,multipaper-marina,5d4c584f66,multipaper-server-5d4c584f66-8lqsh
2025-06-03 06:20:33.953999996,19.999565941420546,mc_tps,multipaper-server,10.244.140.190:9100,minecraft-server,multipaper-marina,5d4c584f66,multipaper-server-5d4c584f66-8lqsh
2025-06-03 06:20:34.953999996,19.999682229049,mc_tps,multipaper-server,10.244.140.190:9100,minecraft-server,multipaper-marina,5d4c584f66,multipaper-server-5d4c584f66-8lqsh
2025-06-03 06:20:35.976000071,19.999471105986817,mc_tps,multipaper-server,10.244.235.207:9100,minecraft-server,multipaper-marina,5d4c584f66,multipaper-server-5d4c584f66-4gz49
2025-06-03 06:20:36.953999996,19.999528431119124,mc_tps,multipaper-server,10.244.140.190:9100,minecraft-server,multipaper-marina,5d4c584f66,multipaper-server-5d4c584f66-8lqsh
2025-06-03 06:20:37.976000071,19.99959572817195,mc_tps,multipaper-server,10.244.235.207:9100,minecraft-server,multipaper-marina,5d4c584f66,multipaper-server-5d4c584f66-4gz49
2025-06-03 06:20:38.976000071,19.99972817169458,mc_tps,multipaper-server,10.244.235.207:9100,minecraft-server,multipaper-marina,5d4c584f66,multipaper-server-5d4c584f66-4gz49
2025-06-03 06:20:39.953999996,20.0,mc_tps,multipaper-server,10.244.140.190:9100,minecraft-server,multipaper-marina,5d4c584f66,multipaper-server-5d4c584f66-8lqsh
2025-06-03 06:20:40.953999996,20.0,mc_tps,multipaper-server,10.244.140.190:9100,minecraft-server,multipaper-marina,5d4c584f66,multipaper-server-5d4c584f66-8lqsh
