timestamp,value,metric,chunk_owner
2025-06-16 20:49:10,2.0,sum by(chunk_owner) (mc_player_location),
2025-06-16 20:49:40,4.0,sum by(chunk_owner) (mc_player_location),
2025-06-16 20:47:39,48.0,sum by(chunk_owner) (mc_player_location),multipaper-server-5d4c584f66-752ch
2025-06-16 20:47:40,48.0,sum by(chunk_owner) (mc_player_location),multipaper-server-5d4c584f66-752ch
2025-06-16 20:47:41,49.0,sum by(chunk_owner) (mc_player_location),multipaper-server-5d4c584f66-752ch
2025-06-16 20:47:42,50.0,sum by(chunk_owner) (mc_player_location),multipaper-server-5d4c584f66-752ch
2025-06-16 20:47:43,50.0,sum by(chunk_owner) (mc_player_location),multipaper-server-5d4c584f66-752ch
2025-06-16 20:47:44,49.0,sum by(chunk_owner) (mc_player_location),multipaper-server-5d4c584f66-752ch
2025-06-16 20:47:45,49.0,sum by(chunk_owner) (mc_player_location),multipaper-server-5d4c584f66-752ch
2025-06-16 20:47:46,49.0,sum by(chunk_owner) (mc_player_location),multipaper-server-5d4c584f66-752ch
2025-06-16 20:47:47,48.0,sum by(chunk_owner) (mc_player_location),multipaper-server-5d4c584f66-752ch
2025-06-16 20:47:48,50.0,sum by(chunk_owner) (mc_player_location),multipaper-server-5d4c584f66-752ch
2025-06-16 20:47:49,49.0,sum by(chunk_owner) (mc_player_location),multipaper-server-5d4c584f66-752ch
2025-06-16 20:47:50,49.0,sum by(chunk_owner) (mc_player_location),multipaper-server-5d4c584f66-752ch
2025-06-16 20:47:51,48.0,sum by(chunk_owner) (mc_player_location),multipaper-server-5d4c584f66-752ch
2025-06-16 20:47:52,48.0,sum by(chunk_owner) (mc_player_location),multipaper-server-5d4c584f66-752ch
2025-06-16 20:47:53,49.0,sum by(chunk_owner) (mc_player_location),multipaper-server-5d4c584f66-752ch
2025-06-16 20:47:54,51.0,sum by(chunk_owner) (mc_player_location),multipaper-server-5d4c584f66-752ch
2025-06-16 20:47:55,52.0,sum by(chunk_owner) (mc_player_location),multipaper-server-5d4c584f66-752ch
2025-06-16 20:47:56,51.0,sum by(chunk_owner) (mc_player_location),multipaper-server-5d4c584f66-752ch
2025-06-16 20:47:57,51.0,sum by(chunk_owner) (mc_player_location),multipaper-server-5d4c584f66-752ch
2025-06-16 20:47:58,50.0,sum by(chunk_owner) (mc_player_location),multipaper-server-5d4c584f66-752ch
2025-06-16 20:47:59,48.0,sum by(chunk_owner) (mc_player_location),multipaper-server-5d4c584f66-752ch
2025-06-16 20:48:00,46.0,sum by(chunk_owner) (mc_player_location),multipaper-server-5d4c584f66-752ch
2025-06-16 20:48:01,47.0,sum by(chunk_owner) (mc_player_location),multipaper-server-5d4c584f66-752ch
2025-06-16 20:48:02,47.0,sum by(chunk_owner) (mc_player_location),multipaper-server-5d4c584f66-752ch
2025-06-16 20:48:03,47.0,sum by(chunk_owner) (mc_player_location),multipaper-server-5d4c584f66-752ch
2025-06-16 20:48:04,47.0,sum by(chunk_owner) (mc_player_location),multipaper-server-5d4c584f66-752ch
2025-06-16 20:48:05,49.0,sum by(chunk_owner) (mc_player_location),multipaper-server-5d4c584f66-752ch
2025-06-16 20:48:06,48.0,sum by(chunk_owner) (mc_player_location),multipaper-server-5d4c584f66-752ch
2025-06-16 20:48:07,50.0,sum by(chunk_owner) (mc_player_location),multipaper-server-5d4c584f66-752ch
2025-06-16 20:48:08,52.0,sum by(chunk_owner) (mc_player_location),multipaper-server-5d4c584f66-752ch
2025-06-16 20:48:09,50.0,sum by(chunk_owner) (mc_player_location),multipaper-server-5d4c584f66-752ch
2025-06-16 20:48:10,49.0,sum by(chunk_owner) (mc_player_location),multipaper-server-5d4c584f66-752ch
2025-06-16 20:48:11,50.0,sum by(chunk_owner) (mc_player_location),multipaper-server-5d4c584f66-752ch
2025-06-16 20:48:12,52.0,sum by(chunk_owner) (mc_player_location),multipaper-server-5d4c584f66-752ch
2025-06-16 20:48:13,51.0,sum by(chunk_owner) (mc_player_location),multipaper-server-5d4c584f66-752ch
2025-06-16 20:48:14,53.0,sum by(chunk_owner) (mc_player_location),multipaper-server-5d4c584f66-752ch
2025-06-16 20:48:15,53.0,sum by(chunk_owner) (mc_player_location),multipaper-server-5d4c584f66-752ch
2025-06-16 20:48:16,54.0,sum by(chunk_owner) (mc_player_location),multipaper-server-5d4c584f66-752ch
2025-06-16 20:48:17,54.0,sum by(chunk_owner) (mc_player_location),multipaper-server-5d4c584f66-752ch
2025-06-16 20:48:18,53.0,sum by(chunk_owner) (mc_player_location),multipaper-server-5d4c584f66-752ch
2025-06-16 20:48:19,50.0,sum by(chunk_owner) (mc_player_location),multipaper-server-5d4c584f66-752ch
2025-06-16 20:48:20,51.0,sum by(chunk_owner) (mc_player_location),multipaper-server-5d4c584f66-752ch
2025-06-16 20:48:21,52.0,sum by(chunk_owner) (mc_player_location),multipaper-server-5d4c584f66-752ch
2025-06-16 20:48:22,51.0,sum by(chunk_owner) (mc_player_location),multipaper-server-5d4c584f66-752ch
2025-06-16 20:48:23,50.0,sum by(chunk_owner) (mc_player_location),multipaper-server-5d4c584f66-752ch
2025-06-16 20:48:24,51.0,sum by(chunk_owner) (mc_player_location),multipaper-server-5d4c584f66-752ch
2025-06-16 20:48:25,51.0,sum by(chunk_owner) (mc_player_location),multipaper-server-5d4c584f66-752ch
2025-06-16 20:48:26,51.0,sum by(chunk_owner) (mc_player_location),multipaper-server-5d4c584f66-752ch
2025-06-16 20:48:27,50.0,sum by(chunk_owner) (mc_player_location),multipaper-server-5d4c584f66-752ch
2025-06-16 20:48:28,50.0,sum by(chunk_owner) (mc_player_location),multipaper-server-5d4c584f66-752ch
2025-06-16 20:48:29,49.0,sum by(chunk_owner) (mc_player_location),multipaper-server-5d4c584f66-752ch
2025-06-16 20:48:30,51.0,sum by(chunk_owner) (mc_player_location),multipaper-server-5d4c584f66-752ch
2025-06-16 20:48:31,51.0,sum by(chunk_owner) (mc_player_location),multipaper-server-5d4c584f66-752ch
2025-06-16 20:48:32,48.0,sum by(chunk_owner) (mc_player_location),multipaper-server-5d4c584f66-752ch
2025-06-16 20:48:33,48.0,sum by(chunk_owner) (mc_player_location),multipaper-server-5d4c584f66-752ch
2025-06-16 20:48:34,48.0,sum by(chunk_owner) (mc_player_location),multipaper-server-5d4c584f66-752ch
2025-06-16 20:48:35,49.0,sum by(chunk_owner) (mc_player_location),multipaper-server-5d4c584f66-752ch
2025-06-16 20:48:36,49.0,sum by(chunk_owner) (mc_player_location),multipaper-server-5d4c584f66-752ch
2025-06-16 20:48:37,49.0,sum by(chunk_owner) (mc_player_location),multipaper-server-5d4c584f66-752ch
2025-06-16 20:48:38,48.0,sum by(chunk_owner) (mc_player_location),multipaper-server-5d4c584f66-752ch
2025-06-16 20:48:39,47.0,sum by(chunk_owner) (mc_player_location),multipaper-server-5d4c584f66-752ch
2025-06-16 20:48:40,49.0,sum by(chunk_owner) (mc_player_location),multipaper-server-5d4c584f66-752ch
2025-06-16 20:48:41,50.0,sum by(chunk_owner) (mc_player_location),multipaper-server-5d4c584f66-752ch
2025-06-16 20:48:42,49.0,sum by(chunk_owner) (mc_player_location),multipaper-server-5d4c584f66-752ch
2025-06-16 20:48:43,48.0,sum by(chunk_owner) (mc_player_location),multipaper-server-5d4c584f66-752ch
2025-06-16 20:48:44,50.0,sum by(chunk_owner) (mc_player_location),multipaper-server-5d4c584f66-752ch
2025-06-16 20:48:45,48.0,sum by(chunk_owner) (mc_player_location),multipaper-server-5d4c584f66-752ch
2025-06-16 20:48:46,47.0,sum by(chunk_owner) (mc_player_location),multipaper-server-5d4c584f66-752ch
2025-06-16 20:48:47,46.0,sum by(chunk_owner) (mc_player_location),multipaper-server-5d4c584f66-752ch
2025-06-16 20:48:48,44.0,sum by(chunk_owner) (mc_player_location),multipaper-server-5d4c584f66-752ch
2025-06-16 20:48:49,45.0,sum by(chunk_owner) (mc_player_location),multipaper-server-5d4c584f66-752ch
2025-06-16 20:48:50,44.0,sum by(chunk_owner) (mc_player_location),multipaper-server-5d4c584f66-752ch
2025-06-16 20:48:51,48.0,sum by(chunk_owner) (mc_player_location),multipaper-server-5d4c584f66-752ch
2025-06-16 20:48:52,48.0,sum by(chunk_owner) (mc_player_location),multipaper-server-5d4c584f66-752ch
2025-06-16 20:48:53,48.0,sum by(chunk_owner) (mc_player_location),multipaper-server-5d4c584f66-752ch
2025-06-16 20:48:54,48.0,sum by(chunk_owner) (mc_player_location),multipaper-server-5d4c584f66-752ch
2025-06-16 20:48:55,49.0,sum by(chunk_owner) (mc_player_location),multipaper-server-5d4c584f66-752ch
2025-06-16 20:48:56,48.0,sum by(chunk_owner) (mc_player_location),multipaper-server-5d4c584f66-752ch
2025-06-16 20:48:57,47.0,sum by(chunk_owner) (mc_player_location),multipaper-server-5d4c584f66-752ch
2025-06-16 20:48:58,49.0,sum by(chunk_owner) (mc_player_location),multipaper-server-5d4c584f66-752ch
2025-06-16 20:48:59,51.0,sum by(chunk_owner) (mc_player_location),multipaper-server-5d4c584f66-752ch
2025-06-16 20:49:00,52.0,sum by(chunk_owner) (mc_player_location),multipaper-server-5d4c584f66-752ch
2025-06-16 20:49:01,52.0,sum by(chunk_owner) (mc_player_location),multipaper-server-5d4c584f66-752ch
2025-06-16 20:49:02,51.0,sum by(chunk_owner) (mc_player_location),multipaper-server-5d4c584f66-752ch
2025-06-16 20:49:03,52.0,sum by(chunk_owner) (mc_player_location),multipaper-server-5d4c584f66-752ch
2025-06-16 20:49:04,55.0,sum by(chunk_owner) (mc_player_location),multipaper-server-5d4c584f66-752ch
2025-06-16 20:49:05,53.0,sum by(chunk_owner) (mc_player_location),multipaper-server-5d4c584f66-752ch
2025-06-16 20:49:06,53.0,sum by(chunk_owner) (mc_player_location),multipaper-server-5d4c584f66-752ch
2025-06-16 20:49:07,53.0,sum by(chunk_owner) (mc_player_location),multipaper-server-5d4c584f66-752ch
2025-06-16 20:49:08,54.0,sum by(chunk_owner) (mc_player_location),multipaper-server-5d4c584f66-752ch
2025-06-16 20:49:09,55.0,sum by(chunk_owner) (mc_player_location),multipaper-server-5d4c584f66-752ch
2025-06-16 20:49:10,43.0,sum by(chunk_owner) (mc_player_location),multipaper-server-5d4c584f66-752ch
2025-06-16 20:49:11,48.0,sum by(chunk_owner) (mc_player_location),multipaper-server-5d4c584f66-752ch
2025-06-16 20:49:12,48.0,sum by(chunk_owner) (mc_player_location),multipaper-server-5d4c584f66-752ch
2025-06-16 20:49:13,50.0,sum by(chunk_owner) (mc_player_location),multipaper-server-5d4c584f66-752ch
2025-06-16 20:49:14,49.0,sum by(chunk_owner) (mc_player_location),multipaper-server-5d4c584f66-752ch
2025-06-16 20:49:15,45.0,sum by(chunk_owner) (mc_player_location),multipaper-server-5d4c584f66-752ch
2025-06-16 20:49:16,47.0,sum by(chunk_owner) (mc_player_location),multipaper-server-5d4c584f66-752ch
2025-06-16 20:49:17,45.0,sum by(chunk_owner) (mc_player_location),multipaper-server-5d4c584f66-752ch
2025-06-16 20:49:18,44.0,sum by(chunk_owner) (mc_player_location),multipaper-server-5d4c584f66-752ch
2025-06-16 20:49:19,45.0,sum by(chunk_owner) (mc_player_location),multipaper-server-5d4c584f66-752ch
2025-06-16 20:49:20,42.0,sum by(chunk_owner) (mc_player_location),multipaper-server-5d4c584f66-752ch
2025-06-16 20:49:21,42.0,sum by(chunk_owner) (mc_player_location),multipaper-server-5d4c584f66-752ch
2025-06-16 20:49:22,41.0,sum by(chunk_owner) (mc_player_location),multipaper-server-5d4c584f66-752ch
2025-06-16 20:49:23,39.0,sum by(chunk_owner) (mc_player_location),multipaper-server-5d4c584f66-752ch
2025-06-16 20:49:24,39.0,sum by(chunk_owner) (mc_player_location),multipaper-server-5d4c584f66-752ch
2025-06-16 20:49:25,39.0,sum by(chunk_owner) (mc_player_location),multipaper-server-5d4c584f66-752ch
2025-06-16 20:49:26,40.0,sum by(chunk_owner) (mc_player_location),multipaper-server-5d4c584f66-752ch
2025-06-16 20:49:27,39.0,sum by(chunk_owner) (mc_player_location),multipaper-server-5d4c584f66-752ch
2025-06-16 20:49:28,41.0,sum by(chunk_owner) (mc_player_location),multipaper-server-5d4c584f66-752ch
2025-06-16 20:49:29,41.0,sum by(chunk_owner) (mc_player_location),multipaper-server-5d4c584f66-752ch
2025-06-16 20:49:30,43.0,sum by(chunk_owner) (mc_player_location),multipaper-server-5d4c584f66-752ch
2025-06-16 20:49:31,43.0,sum by(chunk_owner) (mc_player_location),multipaper-server-5d4c584f66-752ch
2025-06-16 20:49:32,40.0,sum by(chunk_owner) (mc_player_location),multipaper-server-5d4c584f66-752ch
2025-06-16 20:49:33,38.0,sum by(chunk_owner) (mc_player_location),multipaper-server-5d4c584f66-752ch
2025-06-16 20:49:34,39.0,sum by(chunk_owner) (mc_player_location),multipaper-server-5d4c584f66-752ch
2025-06-16 20:49:35,38.0,sum by(chunk_owner) (mc_player_location),multipaper-server-5d4c584f66-752ch
2025-06-16 20:49:36,35.0,sum by(chunk_owner) (mc_player_location),multipaper-server-5d4c584f66-752ch
2025-06-16 20:49:37,35.0,sum by(chunk_owner) (mc_player_location),multipaper-server-5d4c584f66-752ch
2025-06-16 20:49:38,35.0,sum by(chunk_owner) (mc_player_location),multipaper-server-5d4c584f66-752ch
2025-06-16 20:49:39,35.0,sum by(chunk_owner) (mc_player_location),multipaper-server-5d4c584f66-752ch
2025-06-16 20:49:40,32.0,sum by(chunk_owner) (mc_player_location),multipaper-server-5d4c584f66-752ch
2025-06-16 20:49:41,34.0,sum by(chunk_owner) (mc_player_location),multipaper-server-5d4c584f66-752ch
2025-06-16 20:49:42,34.0,sum by(chunk_owner) (mc_player_location),multipaper-server-5d4c584f66-752ch
2025-06-16 20:49:43,36.0,sum by(chunk_owner) (mc_player_location),multipaper-server-5d4c584f66-752ch
2025-06-16 20:49:44,34.0,sum by(chunk_owner) (mc_player_location),multipaper-server-5d4c584f66-752ch
2025-06-16 20:49:45,32.0,sum by(chunk_owner) (mc_player_location),multipaper-server-5d4c584f66-752ch
2025-06-16 20:49:46,30.0,sum by(chunk_owner) (mc_player_location),multipaper-server-5d4c584f66-752ch
2025-06-16 20:49:47,30.0,sum by(chunk_owner) (mc_player_location),multipaper-server-5d4c584f66-752ch
2025-06-16 20:49:48,31.0,sum by(chunk_owner) (mc_player_location),multipaper-server-5d4c584f66-752ch
2025-06-16 20:49:49,33.0,sum by(chunk_owner) (mc_player_location),multipaper-server-5d4c584f66-752ch
2025-06-16 20:49:50,33.0,sum by(chunk_owner) (mc_player_location),multipaper-server-5d4c584f66-752ch
2025-06-16 20:49:51,31.0,sum by(chunk_owner) (mc_player_location),multipaper-server-5d4c584f66-752ch
2025-06-16 20:49:52,34.0,sum by(chunk_owner) (mc_player_location),multipaper-server-5d4c584f66-752ch
2025-06-16 20:49:53,33.0,sum by(chunk_owner) (mc_player_location),multipaper-server-5d4c584f66-752ch
2025-06-16 20:49:54,32.0,sum by(chunk_owner) (mc_player_location),multipaper-server-5d4c584f66-752ch
2025-06-16 20:49:55,31.0,sum by(chunk_owner) (mc_player_location),multipaper-server-5d4c584f66-752ch
2025-06-16 20:49:56,31.0,sum by(chunk_owner) (mc_player_location),multipaper-server-5d4c584f66-752ch
2025-06-16 20:49:57,30.0,sum by(chunk_owner) (mc_player_location),multipaper-server-5d4c584f66-752ch
2025-06-16 20:49:58,28.0,sum by(chunk_owner) (mc_player_location),multipaper-server-5d4c584f66-752ch
2025-06-16 20:49:59,29.0,sum by(chunk_owner) (mc_player_location),multipaper-server-5d4c584f66-752ch
2025-06-16 20:50:00,28.0,sum by(chunk_owner) (mc_player_location),multipaper-server-5d4c584f66-752ch
2025-06-16 20:50:01,29.0,sum by(chunk_owner) (mc_player_location),multipaper-server-5d4c584f66-752ch
2025-06-16 20:50:02,31.0,sum by(chunk_owner) (mc_player_location),multipaper-server-5d4c584f66-752ch
2025-06-16 20:50:03,31.0,sum by(chunk_owner) (mc_player_location),multipaper-server-5d4c584f66-752ch
2025-06-16 20:50:04,30.0,sum by(chunk_owner) (mc_player_location),multipaper-server-5d4c584f66-752ch
2025-06-16 20:50:05,29.0,sum by(chunk_owner) (mc_player_location),multipaper-server-5d4c584f66-752ch
2025-06-16 20:50:06,29.0,sum by(chunk_owner) (mc_player_location),multipaper-server-5d4c584f66-752ch
2025-06-16 20:50:07,29.0,sum by(chunk_owner) (mc_player_location),multipaper-server-5d4c584f66-752ch
2025-06-16 20:50:08,29.0,sum by(chunk_owner) (mc_player_location),multipaper-server-5d4c584f66-752ch
2025-06-16 20:50:09,29.0,sum by(chunk_owner) (mc_player_location),multipaper-server-5d4c584f66-752ch
2025-06-16 20:50:10,28.0,sum by(chunk_owner) (mc_player_location),multipaper-server-5d4c584f66-752ch
2025-06-16 20:50:11,29.0,sum by(chunk_owner) (mc_player_location),multipaper-server-5d4c584f66-752ch
2025-06-16 20:50:12,27.0,sum by(chunk_owner) (mc_player_location),multipaper-server-5d4c584f66-752ch
2025-06-16 20:50:13,28.0,sum by(chunk_owner) (mc_player_location),multipaper-server-5d4c584f66-752ch
2025-06-16 20:50:14,27.0,sum by(chunk_owner) (mc_player_location),multipaper-server-5d4c584f66-752ch
2025-06-16 20:50:15,28.0,sum by(chunk_owner) (mc_player_location),multipaper-server-5d4c584f66-752ch
2025-06-16 20:50:16,28.0,sum by(chunk_owner) (mc_player_location),multipaper-server-5d4c584f66-752ch
2025-06-16 20:50:17,28.0,sum by(chunk_owner) (mc_player_location),multipaper-server-5d4c584f66-752ch
2025-06-16 20:50:18,29.0,sum by(chunk_owner) (mc_player_location),multipaper-server-5d4c584f66-752ch
2025-06-16 20:50:19,32.0,sum by(chunk_owner) (mc_player_location),multipaper-server-5d4c584f66-752ch
2025-06-16 20:50:20,32.0,sum by(chunk_owner) (mc_player_location),multipaper-server-5d4c584f66-752ch
2025-06-16 20:50:21,31.0,sum by(chunk_owner) (mc_player_location),multipaper-server-5d4c584f66-752ch
2025-06-16 20:50:22,31.0,sum by(chunk_owner) (mc_player_location),multipaper-server-5d4c584f66-752ch
2025-06-16 20:50:23,31.0,sum by(chunk_owner) (mc_player_location),multipaper-server-5d4c584f66-752ch
2025-06-16 20:50:24,32.0,sum by(chunk_owner) (mc_player_location),multipaper-server-5d4c584f66-752ch
2025-06-16 20:50:25,32.0,sum by(chunk_owner) (mc_player_location),multipaper-server-5d4c584f66-752ch
2025-06-16 20:50:26,32.0,sum by(chunk_owner) (mc_player_location),multipaper-server-5d4c584f66-752ch
2025-06-16 20:50:27,32.0,sum by(chunk_owner) (mc_player_location),multipaper-server-5d4c584f66-752ch
2025-06-16 20:50:28,32.0,sum by(chunk_owner) (mc_player_location),multipaper-server-5d4c584f66-752ch
2025-06-16 20:50:29,30.0,sum by(chunk_owner) (mc_player_location),multipaper-server-5d4c584f66-752ch
2025-06-16 20:50:30,30.0,sum by(chunk_owner) (mc_player_location),multipaper-server-5d4c584f66-752ch
2025-06-16 20:50:31,29.0,sum by(chunk_owner) (mc_player_location),multipaper-server-5d4c584f66-752ch
2025-06-16 20:50:32,28.0,sum by(chunk_owner) (mc_player_location),multipaper-server-5d4c584f66-752ch
2025-06-16 20:50:33,29.0,sum by(chunk_owner) (mc_player_location),multipaper-server-5d4c584f66-752ch
2025-06-16 20:50:34,31.0,sum by(chunk_owner) (mc_player_location),multipaper-server-5d4c584f66-752ch
2025-06-16 20:50:35,29.0,sum by(chunk_owner) (mc_player_location),multipaper-server-5d4c584f66-752ch
2025-06-16 20:50:36,28.0,sum by(chunk_owner) (mc_player_location),multipaper-server-5d4c584f66-752ch
2025-06-16 20:50:37,28.0,sum by(chunk_owner) (mc_player_location),multipaper-server-5d4c584f66-752ch
2025-06-16 20:50:38,29.0,sum by(chunk_owner) (mc_player_location),multipaper-server-5d4c584f66-752ch
2025-06-16 20:50:39,29.0,sum by(chunk_owner) (mc_player_location),multipaper-server-5d4c584f66-752ch
2025-06-16 20:50:40,28.0,sum by(chunk_owner) (mc_player_location),multipaper-server-5d4c584f66-752ch
2025-06-16 20:50:41,27.0,sum by(chunk_owner) (mc_player_location),multipaper-server-5d4c584f66-752ch
2025-06-16 20:50:42,29.0,sum by(chunk_owner) (mc_player_location),multipaper-server-5d4c584f66-752ch
2025-06-16 20:50:43,30.0,sum by(chunk_owner) (mc_player_location),multipaper-server-5d4c584f66-752ch
2025-06-16 20:50:44,33.0,sum by(chunk_owner) (mc_player_location),multipaper-server-5d4c584f66-752ch
2025-06-16 20:50:45,35.0,sum by(chunk_owner) (mc_player_location),multipaper-server-5d4c584f66-752ch
2025-06-16 20:50:46,33.0,sum by(chunk_owner) (mc_player_location),multipaper-server-5d4c584f66-752ch
2025-06-16 20:50:47,32.0,sum by(chunk_owner) (mc_player_location),multipaper-server-5d4c584f66-752ch
2025-06-16 20:50:48,30.0,sum by(chunk_owner) (mc_player_location),multipaper-server-5d4c584f66-752ch
2025-06-16 20:50:49,29.0,sum by(chunk_owner) (mc_player_location),multipaper-server-5d4c584f66-752ch
2025-06-16 20:50:50,29.0,sum by(chunk_owner) (mc_player_location),multipaper-server-5d4c584f66-752ch
2025-06-16 20:50:51,30.0,sum by(chunk_owner) (mc_player_location),multipaper-server-5d4c584f66-752ch
2025-06-16 20:50:52,34.0,sum by(chunk_owner) (mc_player_location),multipaper-server-5d4c584f66-752ch
2025-06-16 20:50:53,31.0,sum by(chunk_owner) (mc_player_location),multipaper-server-5d4c584f66-752ch
2025-06-16 20:50:54,30.0,sum by(chunk_owner) (mc_player_location),multipaper-server-5d4c584f66-752ch
2025-06-16 20:50:55,27.0,sum by(chunk_owner) (mc_player_location),multipaper-server-5d4c584f66-752ch
2025-06-16 20:50:56,27.0,sum by(chunk_owner) (mc_player_location),multipaper-server-5d4c584f66-752ch
2025-06-16 20:50:57,27.0,sum by(chunk_owner) (mc_player_location),multipaper-server-5d4c584f66-752ch
2025-06-16 20:50:58,26.0,sum by(chunk_owner) (mc_player_location),multipaper-server-5d4c584f66-752ch
2025-06-16 20:50:59,26.0,sum by(chunk_owner) (mc_player_location),multipaper-server-5d4c584f66-752ch
2025-06-16 20:51:00,24.0,sum by(chunk_owner) (mc_player_location),multipaper-server-5d4c584f66-752ch
2025-06-16 20:51:01,26.0,sum by(chunk_owner) (mc_player_location),multipaper-server-5d4c584f66-752ch
2025-06-16 20:51:02,27.0,sum by(chunk_owner) (mc_player_location),multipaper-server-5d4c584f66-752ch
2025-06-16 20:51:03,25.0,sum by(chunk_owner) (mc_player_location),multipaper-server-5d4c584f66-752ch
2025-06-16 20:51:04,25.0,sum by(chunk_owner) (mc_player_location),multipaper-server-5d4c584f66-752ch
2025-06-16 20:51:05,25.0,sum by(chunk_owner) (mc_player_location),multipaper-server-5d4c584f66-752ch
2025-06-16 20:51:06,27.0,sum by(chunk_owner) (mc_player_location),multipaper-server-5d4c584f66-752ch
2025-06-16 20:51:07,29.0,sum by(chunk_owner) (mc_player_location),multipaper-server-5d4c584f66-752ch
2025-06-16 20:51:08,29.0,sum by(chunk_owner) (mc_player_location),multipaper-server-5d4c584f66-752ch
2025-06-16 20:51:09,27.0,sum by(chunk_owner) (mc_player_location),multipaper-server-5d4c584f66-752ch
2025-06-16 20:51:10,26.0,sum by(chunk_owner) (mc_player_location),multipaper-server-5d4c584f66-752ch
2025-06-16 20:47:39,8.0,sum by(chunk_owner) (mc_player_location),multipaper-server-5d4c584f66-b6m8d
2025-06-16 20:47:40,6.0,sum by(chunk_owner) (mc_player_location),multipaper-server-5d4c584f66-b6m8d
2025-06-16 20:47:41,6.0,sum by(chunk_owner) (mc_player_location),multipaper-server-5d4c584f66-b6m8d
2025-06-16 20:47:42,6.0,sum by(chunk_owner) (mc_player_location),multipaper-server-5d4c584f66-b6m8d
2025-06-16 20:47:43,6.0,sum by(chunk_owner) (mc_player_location),multipaper-server-5d4c584f66-b6m8d
2025-06-16 20:47:44,7.0,sum by(chunk_owner) (mc_player_location),multipaper-server-5d4c584f66-b6m8d
2025-06-16 20:47:45,7.0,sum by(chunk_owner) (mc_player_location),multipaper-server-5d4c584f66-b6m8d
2025-06-16 20:47:46,8.0,sum by(chunk_owner) (mc_player_location),multipaper-server-5d4c584f66-b6m8d
2025-06-16 20:47:47,9.0,sum by(chunk_owner) (mc_player_location),multipaper-server-5d4c584f66-b6m8d
2025-06-16 20:47:48,8.0,sum by(chunk_owner) (mc_player_location),multipaper-server-5d4c584f66-b6m8d
2025-06-16 20:47:49,9.0,sum by(chunk_owner) (mc_player_location),multipaper-server-5d4c584f66-b6m8d
2025-06-16 20:47:50,10.0,sum by(chunk_owner) (mc_player_location),multipaper-server-5d4c584f66-b6m8d
2025-06-16 20:47:51,11.0,sum by(chunk_owner) (mc_player_location),multipaper-server-5d4c584f66-b6m8d
2025-06-16 20:47:52,11.0,sum by(chunk_owner) (mc_player_location),multipaper-server-5d4c584f66-b6m8d
2025-06-16 20:47:53,11.0,sum by(chunk_owner) (mc_player_location),multipaper-server-5d4c584f66-b6m8d
2025-06-16 20:47:54,9.0,sum by(chunk_owner) (mc_player_location),multipaper-server-5d4c584f66-b6m8d
2025-06-16 20:47:55,7.0,sum by(chunk_owner) (mc_player_location),multipaper-server-5d4c584f66-b6m8d
2025-06-16 20:47:56,9.0,sum by(chunk_owner) (mc_player_location),multipaper-server-5d4c584f66-b6m8d
2025-06-16 20:47:57,8.0,sum by(chunk_owner) (mc_player_location),multipaper-server-5d4c584f66-b6m8d
2025-06-16 20:47:58,9.0,sum by(chunk_owner) (mc_player_location),multipaper-server-5d4c584f66-b6m8d
2025-06-16 20:47:59,11.0,sum by(chunk_owner) (mc_player_location),multipaper-server-5d4c584f66-b6m8d
2025-06-16 20:48:00,12.0,sum by(chunk_owner) (mc_player_location),multipaper-server-5d4c584f66-b6m8d
2025-06-16 20:48:01,11.0,sum by(chunk_owner) (mc_player_location),multipaper-server-5d4c584f66-b6m8d
2025-06-16 20:48:02,11.0,sum by(chunk_owner) (mc_player_location),multipaper-server-5d4c584f66-b6m8d
2025-06-16 20:48:03,11.0,sum by(chunk_owner) (mc_player_location),multipaper-server-5d4c584f66-b6m8d
2025-06-16 20:48:04,11.0,sum by(chunk_owner) (mc_player_location),multipaper-server-5d4c584f66-b6m8d
2025-06-16 20:48:05,10.0,sum by(chunk_owner) (mc_player_location),multipaper-server-5d4c584f66-b6m8d
2025-06-16 20:48:06,11.0,sum by(chunk_owner) (mc_player_location),multipaper-server-5d4c584f66-b6m8d
2025-06-16 20:48:07,9.0,sum by(chunk_owner) (mc_player_location),multipaper-server-5d4c584f66-b6m8d
2025-06-16 20:48:08,7.0,sum by(chunk_owner) (mc_player_location),multipaper-server-5d4c584f66-b6m8d
2025-06-16 20:48:09,9.0,sum by(chunk_owner) (mc_player_location),multipaper-server-5d4c584f66-b6m8d
2025-06-16 20:48:10,9.0,sum by(chunk_owner) (mc_player_location),multipaper-server-5d4c584f66-b6m8d
2025-06-16 20:48:11,9.0,sum by(chunk_owner) (mc_player_location),multipaper-server-5d4c584f66-b6m8d
2025-06-16 20:48:12,7.0,sum by(chunk_owner) (mc_player_location),multipaper-server-5d4c584f66-b6m8d
2025-06-16 20:48:13,8.0,sum by(chunk_owner) (mc_player_location),multipaper-server-5d4c584f66-b6m8d
2025-06-16 20:48:14,6.0,sum by(chunk_owner) (mc_player_location),multipaper-server-5d4c584f66-b6m8d
2025-06-16 20:48:15,5.0,sum by(chunk_owner) (mc_player_location),multipaper-server-5d4c584f66-b6m8d
2025-06-16 20:48:16,4.0,sum by(chunk_owner) (mc_player_location),multipaper-server-5d4c584f66-b6m8d
2025-06-16 20:48:17,5.0,sum by(chunk_owner) (mc_player_location),multipaper-server-5d4c584f66-b6m8d
2025-06-16 20:48:18,6.0,sum by(chunk_owner) (mc_player_location),multipaper-server-5d4c584f66-b6m8d
2025-06-16 20:48:19,7.0,sum by(chunk_owner) (mc_player_location),multipaper-server-5d4c584f66-b6m8d
2025-06-16 20:48:20,6.0,sum by(chunk_owner) (mc_player_location),multipaper-server-5d4c584f66-b6m8d
2025-06-16 20:48:21,6.0,sum by(chunk_owner) (mc_player_location),multipaper-server-5d4c584f66-b6m8d
2025-06-16 20:48:22,7.0,sum by(chunk_owner) (mc_player_location),multipaper-server-5d4c584f66-b6m8d
2025-06-16 20:48:23,7.0,sum by(chunk_owner) (mc_player_location),multipaper-server-5d4c584f66-b6m8d
2025-06-16 20:48:24,6.0,sum by(chunk_owner) (mc_player_location),multipaper-server-5d4c584f66-b6m8d
2025-06-16 20:48:25,6.0,sum by(chunk_owner) (mc_player_location),multipaper-server-5d4c584f66-b6m8d
2025-06-16 20:48:26,6.0,sum by(chunk_owner) (mc_player_location),multipaper-server-5d4c584f66-b6m8d
2025-06-16 20:48:27,6.0,sum by(chunk_owner) (mc_player_location),multipaper-server-5d4c584f66-b6m8d
2025-06-16 20:48:28,7.0,sum by(chunk_owner) (mc_player_location),multipaper-server-5d4c584f66-b6m8d
2025-06-16 20:48:29,7.0,sum by(chunk_owner) (mc_player_location),multipaper-server-5d4c584f66-b6m8d
2025-06-16 20:48:30,5.0,sum by(chunk_owner) (mc_player_location),multipaper-server-5d4c584f66-b6m8d
2025-06-16 20:48:31,4.0,sum by(chunk_owner) (mc_player_location),multipaper-server-5d4c584f66-b6m8d
2025-06-16 20:48:32,7.0,sum by(chunk_owner) (mc_player_location),multipaper-server-5d4c584f66-b6m8d
2025-06-16 20:48:33,6.0,sum by(chunk_owner) (mc_player_location),multipaper-server-5d4c584f66-b6m8d
2025-06-16 20:48:34,5.0,sum by(chunk_owner) (mc_player_location),multipaper-server-5d4c584f66-b6m8d
2025-06-16 20:48:35,6.0,sum by(chunk_owner) (mc_player_location),multipaper-server-5d4c584f66-b6m8d
2025-06-16 20:48:36,5.0,sum by(chunk_owner) (mc_player_location),multipaper-server-5d4c584f66-b6m8d
2025-06-16 20:48:37,4.0,sum by(chunk_owner) (mc_player_location),multipaper-server-5d4c584f66-b6m8d
2025-06-16 20:48:38,4.0,sum by(chunk_owner) (mc_player_location),multipaper-server-5d4c584f66-b6m8d
2025-06-16 20:48:39,4.0,sum by(chunk_owner) (mc_player_location),multipaper-server-5d4c584f66-b6m8d
2025-06-16 20:48:40,3.0,sum by(chunk_owner) (mc_player_location),multipaper-server-5d4c584f66-b6m8d
2025-06-16 20:48:41,3.0,sum by(chunk_owner) (mc_player_location),multipaper-server-5d4c584f66-b6m8d
2025-06-16 20:48:42,3.0,sum by(chunk_owner) (mc_player_location),multipaper-server-5d4c584f66-b6m8d
2025-06-16 20:48:43,3.0,sum by(chunk_owner) (mc_player_location),multipaper-server-5d4c584f66-b6m8d
2025-06-16 20:48:44,3.0,sum by(chunk_owner) (mc_player_location),multipaper-server-5d4c584f66-b6m8d
2025-06-16 20:48:45,4.0,sum by(chunk_owner) (mc_player_location),multipaper-server-5d4c584f66-b6m8d
2025-06-16 20:48:46,5.0,sum by(chunk_owner) (mc_player_location),multipaper-server-5d4c584f66-b6m8d
2025-06-16 20:48:47,6.0,sum by(chunk_owner) (mc_player_location),multipaper-server-5d4c584f66-b6m8d
2025-06-16 20:48:48,7.0,sum by(chunk_owner) (mc_player_location),multipaper-server-5d4c584f66-b6m8d
2025-06-16 20:48:49,7.0,sum by(chunk_owner) (mc_player_location),multipaper-server-5d4c584f66-b6m8d
2025-06-16 20:48:50,7.0,sum by(chunk_owner) (mc_player_location),multipaper-server-5d4c584f66-b6m8d
2025-06-16 20:48:51,4.0,sum by(chunk_owner) (mc_player_location),multipaper-server-5d4c584f66-b6m8d
2025-06-16 20:48:52,4.0,sum by(chunk_owner) (mc_player_location),multipaper-server-5d4c584f66-b6m8d
2025-06-16 20:48:53,4.0,sum by(chunk_owner) (mc_player_location),multipaper-server-5d4c584f66-b6m8d
2025-06-16 20:48:54,4.0,sum by(chunk_owner) (mc_player_location),multipaper-server-5d4c584f66-b6m8d
2025-06-16 20:48:55,5.0,sum by(chunk_owner) (mc_player_location),multipaper-server-5d4c584f66-b6m8d
2025-06-16 20:48:56,5.0,sum by(chunk_owner) (mc_player_location),multipaper-server-5d4c584f66-b6m8d
2025-06-16 20:48:57,4.0,sum by(chunk_owner) (mc_player_location),multipaper-server-5d4c584f66-b6m8d
2025-06-16 20:48:58,4.0,sum by(chunk_owner) (mc_player_location),multipaper-server-5d4c584f66-b6m8d
2025-06-16 20:48:59,4.0,sum by(chunk_owner) (mc_player_location),multipaper-server-5d4c584f66-b6m8d
2025-06-16 20:49:00,3.0,sum by(chunk_owner) (mc_player_location),multipaper-server-5d4c584f66-b6m8d
2025-06-16 20:49:01,3.0,sum by(chunk_owner) (mc_player_location),multipaper-server-5d4c584f66-b6m8d
2025-06-16 20:49:02,6.0,sum by(chunk_owner) (mc_player_location),multipaper-server-5d4c584f66-b6m8d
2025-06-16 20:49:03,5.0,sum by(chunk_owner) (mc_player_location),multipaper-server-5d4c584f66-b6m8d
2025-06-16 20:49:04,4.0,sum by(chunk_owner) (mc_player_location),multipaper-server-5d4c584f66-b6m8d
2025-06-16 20:49:05,4.0,sum by(chunk_owner) (mc_player_location),multipaper-server-5d4c584f66-b6m8d
2025-06-16 20:49:06,4.0,sum by(chunk_owner) (mc_player_location),multipaper-server-5d4c584f66-b6m8d
2025-06-16 20:49:07,3.0,sum by(chunk_owner) (mc_player_location),multipaper-server-5d4c584f66-b6m8d
2025-06-16 20:49:08,3.0,sum by(chunk_owner) (mc_player_location),multipaper-server-5d4c584f66-b6m8d
2025-06-16 20:49:09,3.0,sum by(chunk_owner) (mc_player_location),multipaper-server-5d4c584f66-b6m8d
2025-06-16 20:49:10,3.0,sum by(chunk_owner) (mc_player_location),multipaper-server-5d4c584f66-b6m8d
2025-06-16 20:49:11,6.0,sum by(chunk_owner) (mc_player_location),multipaper-server-5d4c584f66-b6m8d
2025-06-16 20:49:12,6.0,sum by(chunk_owner) (mc_player_location),multipaper-server-5d4c584f66-b6m8d
2025-06-16 20:49:13,5.0,sum by(chunk_owner) (mc_player_location),multipaper-server-5d4c584f66-b6m8d
2025-06-16 20:49:14,7.0,sum by(chunk_owner) (mc_player_location),multipaper-server-5d4c584f66-b6m8d
2025-06-16 20:49:15,10.0,sum by(chunk_owner) (mc_player_location),multipaper-server-5d4c584f66-b6m8d
2025-06-16 20:49:16,9.0,sum by(chunk_owner) (mc_player_location),multipaper-server-5d4c584f66-b6m8d
2025-06-16 20:49:17,11.0,sum by(chunk_owner) (mc_player_location),multipaper-server-5d4c584f66-b6m8d
2025-06-16 20:49:18,11.0,sum by(chunk_owner) (mc_player_location),multipaper-server-5d4c584f66-b6m8d
2025-06-16 20:49:19,9.0,sum by(chunk_owner) (mc_player_location),multipaper-server-5d4c584f66-b6m8d
2025-06-16 20:49:20,12.0,sum by(chunk_owner) (mc_player_location),multipaper-server-5d4c584f66-b6m8d
2025-06-16 20:49:21,12.0,sum by(chunk_owner) (mc_player_location),multipaper-server-5d4c584f66-b6m8d
2025-06-16 20:49:22,14.0,sum by(chunk_owner) (mc_player_location),multipaper-server-5d4c584f66-b6m8d
2025-06-16 20:49:23,14.0,sum by(chunk_owner) (mc_player_location),multipaper-server-5d4c584f66-b6m8d
2025-06-16 20:49:24,13.0,sum by(chunk_owner) (mc_player_location),multipaper-server-5d4c584f66-b6m8d
2025-06-16 20:49:25,13.0,sum by(chunk_owner) (mc_player_location),multipaper-server-5d4c584f66-b6m8d
2025-06-16 20:49:26,12.0,sum by(chunk_owner) (mc_player_location),multipaper-server-5d4c584f66-b6m8d
2025-06-16 20:49:27,13.0,sum by(chunk_owner) (mc_player_location),multipaper-server-5d4c584f66-b6m8d
2025-06-16 20:49:28,12.0,sum by(chunk_owner) (mc_player_location),multipaper-server-5d4c584f66-b6m8d
2025-06-16 20:49:29,11.0,sum by(chunk_owner) (mc_player_location),multipaper-server-5d4c584f66-b6m8d
2025-06-16 20:49:30,10.0,sum by(chunk_owner) (mc_player_location),multipaper-server-5d4c584f66-b6m8d
2025-06-16 20:49:31,11.0,sum by(chunk_owner) (mc_player_location),multipaper-server-5d4c584f66-b6m8d
2025-06-16 20:49:32,14.0,sum by(chunk_owner) (mc_player_location),multipaper-server-5d4c584f66-b6m8d
2025-06-16 20:49:33,16.0,sum by(chunk_owner) (mc_player_location),multipaper-server-5d4c584f66-b6m8d
2025-06-16 20:49:34,16.0,sum by(chunk_owner) (mc_player_location),multipaper-server-5d4c584f66-b6m8d
2025-06-16 20:49:35,16.0,sum by(chunk_owner) (mc_player_location),multipaper-server-5d4c584f66-b6m8d
2025-06-16 20:49:36,16.0,sum by(chunk_owner) (mc_player_location),multipaper-server-5d4c584f66-b6m8d
2025-06-16 20:49:37,16.0,sum by(chunk_owner) (mc_player_location),multipaper-server-5d4c584f66-b6m8d
2025-06-16 20:49:38,17.0,sum by(chunk_owner) (mc_player_location),multipaper-server-5d4c584f66-b6m8d
2025-06-16 20:49:39,19.0,sum by(chunk_owner) (mc_player_location),multipaper-server-5d4c584f66-b6m8d
2025-06-16 20:49:40,18.0,sum by(chunk_owner) (mc_player_location),multipaper-server-5d4c584f66-b6m8d
2025-06-16 20:49:41,19.0,sum by(chunk_owner) (mc_player_location),multipaper-server-5d4c584f66-b6m8d
2025-06-16 20:49:42,19.0,sum by(chunk_owner) (mc_player_location),multipaper-server-5d4c584f66-b6m8d
2025-06-16 20:49:43,18.0,sum by(chunk_owner) (mc_player_location),multipaper-server-5d4c584f66-b6m8d
2025-06-16 20:49:44,17.0,sum by(chunk_owner) (mc_player_location),multipaper-server-5d4c584f66-b6m8d
2025-06-16 20:49:45,18.0,sum by(chunk_owner) (mc_player_location),multipaper-server-5d4c584f66-b6m8d
2025-06-16 20:49:46,20.0,sum by(chunk_owner) (mc_player_location),multipaper-server-5d4c584f66-b6m8d
2025-06-16 20:49:47,21.0,sum by(chunk_owner) (mc_player_location),multipaper-server-5d4c584f66-b6m8d
2025-06-16 20:49:48,20.0,sum by(chunk_owner) (mc_player_location),multipaper-server-5d4c584f66-b6m8d
2025-06-16 20:49:49,19.0,sum by(chunk_owner) (mc_player_location),multipaper-server-5d4c584f66-b6m8d
2025-06-16 20:49:50,20.0,sum by(chunk_owner) (mc_player_location),multipaper-server-5d4c584f66-b6m8d
2025-06-16 20:49:51,20.0,sum by(chunk_owner) (mc_player_location),multipaper-server-5d4c584f66-b6m8d
2025-06-16 20:49:52,19.0,sum by(chunk_owner) (mc_player_location),multipaper-server-5d4c584f66-b6m8d
2025-06-16 20:49:53,19.0,sum by(chunk_owner) (mc_player_location),multipaper-server-5d4c584f66-b6m8d
2025-06-16 20:49:54,21.0,sum by(chunk_owner) (mc_player_location),multipaper-server-5d4c584f66-b6m8d
2025-06-16 20:49:55,22.0,sum by(chunk_owner) (mc_player_location),multipaper-server-5d4c584f66-b6m8d
2025-06-16 20:49:56,20.0,sum by(chunk_owner) (mc_player_location),multipaper-server-5d4c584f66-b6m8d
2025-06-16 20:49:57,21.0,sum by(chunk_owner) (mc_player_location),multipaper-server-5d4c584f66-b6m8d
2025-06-16 20:49:58,23.0,sum by(chunk_owner) (mc_player_location),multipaper-server-5d4c584f66-b6m8d
2025-06-16 20:49:59,21.0,sum by(chunk_owner) (mc_player_location),multipaper-server-5d4c584f66-b6m8d
2025-06-16 20:50:00,23.0,sum by(chunk_owner) (mc_player_location),multipaper-server-5d4c584f66-b6m8d
2025-06-16 20:50:01,22.0,sum by(chunk_owner) (mc_player_location),multipaper-server-5d4c584f66-b6m8d
2025-06-16 20:50:02,20.0,sum by(chunk_owner) (mc_player_location),multipaper-server-5d4c584f66-b6m8d
2025-06-16 20:50:03,20.0,sum by(chunk_owner) (mc_player_location),multipaper-server-5d4c584f66-b6m8d
2025-06-16 20:50:04,21.0,sum by(chunk_owner) (mc_player_location),multipaper-server-5d4c584f66-b6m8d
2025-06-16 20:50:05,22.0,sum by(chunk_owner) (mc_player_location),multipaper-server-5d4c584f66-b6m8d
2025-06-16 20:50:06,22.0,sum by(chunk_owner) (mc_player_location),multipaper-server-5d4c584f66-b6m8d
2025-06-16 20:50:07,21.0,sum by(chunk_owner) (mc_player_location),multipaper-server-5d4c584f66-b6m8d
2025-06-16 20:50:08,19.0,sum by(chunk_owner) (mc_player_location),multipaper-server-5d4c584f66-b6m8d
2025-06-16 20:50:09,20.0,sum by(chunk_owner) (mc_player_location),multipaper-server-5d4c584f66-b6m8d
2025-06-16 20:50:10,21.0,sum by(chunk_owner) (mc_player_location),multipaper-server-5d4c584f66-b6m8d
2025-06-16 20:50:11,21.0,sum by(chunk_owner) (mc_player_location),multipaper-server-5d4c584f66-b6m8d
2025-06-16 20:50:12,22.0,sum by(chunk_owner) (mc_player_location),multipaper-server-5d4c584f66-b6m8d
2025-06-16 20:50:13,22.0,sum by(chunk_owner) (mc_player_location),multipaper-server-5d4c584f66-b6m8d
2025-06-16 20:50:14,21.0,sum by(chunk_owner) (mc_player_location),multipaper-server-5d4c584f66-b6m8d
2025-06-16 20:50:15,21.0,sum by(chunk_owner) (mc_player_location),multipaper-server-5d4c584f66-b6m8d
2025-06-16 20:50:16,20.0,sum by(chunk_owner) (mc_player_location),multipaper-server-5d4c584f66-b6m8d
2025-06-16 20:50:17,18.0,sum by(chunk_owner) (mc_player_location),multipaper-server-5d4c584f66-b6m8d
2025-06-16 20:50:18,18.0,sum by(chunk_owner) (mc_player_location),multipaper-server-5d4c584f66-b6m8d
2025-06-16 20:50:19,14.0,sum by(chunk_owner) (mc_player_location),multipaper-server-5d4c584f66-b6m8d
2025-06-16 20:50:20,15.0,sum by(chunk_owner) (mc_player_location),multipaper-server-5d4c584f66-b6m8d
2025-06-16 20:50:21,17.0,sum by(chunk_owner) (mc_player_location),multipaper-server-5d4c584f66-b6m8d
2025-06-16 20:50:22,17.0,sum by(chunk_owner) (mc_player_location),multipaper-server-5d4c584f66-b6m8d
2025-06-16 20:50:23,18.0,sum by(chunk_owner) (mc_player_location),multipaper-server-5d4c584f66-b6m8d
2025-06-16 20:50:24,17.0,sum by(chunk_owner) (mc_player_location),multipaper-server-5d4c584f66-b6m8d
2025-06-16 20:50:25,18.0,sum by(chunk_owner) (mc_player_location),multipaper-server-5d4c584f66-b6m8d
2025-06-16 20:50:26,17.0,sum by(chunk_owner) (mc_player_location),multipaper-server-5d4c584f66-b6m8d
2025-06-16 20:50:27,16.0,sum by(chunk_owner) (mc_player_location),multipaper-server-5d4c584f66-b6m8d
2025-06-16 20:50:28,16.0,sum by(chunk_owner) (mc_player_location),multipaper-server-5d4c584f66-b6m8d
2025-06-16 20:50:29,18.0,sum by(chunk_owner) (mc_player_location),multipaper-server-5d4c584f66-b6m8d
2025-06-16 20:50:30,19.0,sum by(chunk_owner) (mc_player_location),multipaper-server-5d4c584f66-b6m8d
2025-06-16 20:50:31,20.0,sum by(chunk_owner) (mc_player_location),multipaper-server-5d4c584f66-b6m8d
2025-06-16 20:50:32,19.0,sum by(chunk_owner) (mc_player_location),multipaper-server-5d4c584f66-b6m8d
2025-06-16 20:50:33,21.0,sum by(chunk_owner) (mc_player_location),multipaper-server-5d4c584f66-b6m8d
2025-06-16 20:50:34,21.0,sum by(chunk_owner) (mc_player_location),multipaper-server-5d4c584f66-b6m8d
2025-06-16 20:50:35,22.0,sum by(chunk_owner) (mc_player_location),multipaper-server-5d4c584f66-b6m8d
2025-06-16 20:50:36,22.0,sum by(chunk_owner) (mc_player_location),multipaper-server-5d4c584f66-b6m8d
2025-06-16 20:50:37,21.0,sum by(chunk_owner) (mc_player_location),multipaper-server-5d4c584f66-b6m8d
2025-06-16 20:50:38,18.0,sum by(chunk_owner) (mc_player_location),multipaper-server-5d4c584f66-b6m8d
2025-06-16 20:50:39,17.0,sum by(chunk_owner) (mc_player_location),multipaper-server-5d4c584f66-b6m8d
2025-06-16 20:50:40,17.0,sum by(chunk_owner) (mc_player_location),multipaper-server-5d4c584f66-b6m8d
2025-06-16 20:50:41,20.0,sum by(chunk_owner) (mc_player_location),multipaper-server-5d4c584f66-b6m8d
2025-06-16 20:50:42,21.0,sum by(chunk_owner) (mc_player_location),multipaper-server-5d4c584f66-b6m8d
2025-06-16 20:50:43,20.0,sum by(chunk_owner) (mc_player_location),multipaper-server-5d4c584f66-b6m8d
2025-06-16 20:50:44,19.0,sum by(chunk_owner) (mc_player_location),multipaper-server-5d4c584f66-b6m8d
2025-06-16 20:50:45,17.0,sum by(chunk_owner) (mc_player_location),multipaper-server-5d4c584f66-b6m8d
2025-06-16 20:50:46,18.0,sum by(chunk_owner) (mc_player_location),multipaper-server-5d4c584f66-b6m8d
2025-06-16 20:50:47,19.0,sum by(chunk_owner) (mc_player_location),multipaper-server-5d4c584f66-b6m8d
2025-06-16 20:50:48,18.0,sum by(chunk_owner) (mc_player_location),multipaper-server-5d4c584f66-b6m8d
2025-06-16 20:50:49,19.0,sum by(chunk_owner) (mc_player_location),multipaper-server-5d4c584f66-b6m8d
2025-06-16 20:50:50,19.0,sum by(chunk_owner) (mc_player_location),multipaper-server-5d4c584f66-b6m8d
2025-06-16 20:50:51,18.0,sum by(chunk_owner) (mc_player_location),multipaper-server-5d4c584f66-b6m8d
2025-06-16 20:50:52,16.0,sum by(chunk_owner) (mc_player_location),multipaper-server-5d4c584f66-b6m8d
2025-06-16 20:50:53,16.0,sum by(chunk_owner) (mc_player_location),multipaper-server-5d4c584f66-b6m8d
2025-06-16 20:50:54,17.0,sum by(chunk_owner) (mc_player_location),multipaper-server-5d4c584f66-b6m8d
2025-06-16 20:50:55,19.0,sum by(chunk_owner) (mc_player_location),multipaper-server-5d4c584f66-b6m8d
2025-06-16 20:50:56,20.0,sum by(chunk_owner) (mc_player_location),multipaper-server-5d4c584f66-b6m8d
2025-06-16 20:50:57,20.0,sum by(chunk_owner) (mc_player_location),multipaper-server-5d4c584f66-b6m8d
2025-06-16 20:50:58,19.0,sum by(chunk_owner) (mc_player_location),multipaper-server-5d4c584f66-b6m8d
2025-06-16 20:50:59,19.0,sum by(chunk_owner) (mc_player_location),multipaper-server-5d4c584f66-b6m8d
2025-06-16 20:51:00,19.0,sum by(chunk_owner) (mc_player_location),multipaper-server-5d4c584f66-b6m8d
2025-06-16 20:51:01,17.0,sum by(chunk_owner) (mc_player_location),multipaper-server-5d4c584f66-b6m8d
2025-06-16 20:51:02,16.0,sum by(chunk_owner) (mc_player_location),multipaper-server-5d4c584f66-b6m8d
2025-06-16 20:51:03,16.0,sum by(chunk_owner) (mc_player_location),multipaper-server-5d4c584f66-b6m8d
2025-06-16 20:51:04,15.0,sum by(chunk_owner) (mc_player_location),multipaper-server-5d4c584f66-b6m8d
2025-06-16 20:51:05,15.0,sum by(chunk_owner) (mc_player_location),multipaper-server-5d4c584f66-b6m8d
2025-06-16 20:51:06,14.0,sum by(chunk_owner) (mc_player_location),multipaper-server-5d4c584f66-b6m8d
2025-06-16 20:51:07,13.0,sum by(chunk_owner) (mc_player_location),multipaper-server-5d4c584f66-b6m8d
2025-06-16 20:51:08,14.0,sum by(chunk_owner) (mc_player_location),multipaper-server-5d4c584f66-b6m8d
2025-06-16 20:51:09,13.0,sum by(chunk_owner) (mc_player_location),multipaper-server-5d4c584f66-b6m8d
2025-06-16 20:51:10,14.0,sum by(chunk_owner) (mc_player_location),multipaper-server-5d4c584f66-b6m8d
2025-06-16 20:47:39,5.0,sum by(chunk_owner) (mc_player_location),multipaper-server-5d4c584f66-ll7ns
2025-06-16 20:47:40,7.0,sum by(chunk_owner) (mc_player_location),multipaper-server-5d4c584f66-ll7ns
2025-06-16 20:47:41,6.0,sum by(chunk_owner) (mc_player_location),multipaper-server-5d4c584f66-ll7ns
2025-06-16 20:47:42,5.0,sum by(chunk_owner) (mc_player_location),multipaper-server-5d4c584f66-ll7ns
2025-06-16 20:47:43,5.0,sum by(chunk_owner) (mc_player_location),multipaper-server-5d4c584f66-ll7ns
2025-06-16 20:47:44,5.0,sum by(chunk_owner) (mc_player_location),multipaper-server-5d4c584f66-ll7ns
2025-06-16 20:47:45,5.0,sum by(chunk_owner) (mc_player_location),multipaper-server-5d4c584f66-ll7ns
2025-06-16 20:47:46,4.0,sum by(chunk_owner) (mc_player_location),multipaper-server-5d4c584f66-ll7ns
2025-06-16 20:47:47,4.0,sum by(chunk_owner) (mc_player_location),multipaper-server-5d4c584f66-ll7ns
2025-06-16 20:47:48,3.0,sum by(chunk_owner) (mc_player_location),multipaper-server-5d4c584f66-ll7ns
2025-06-16 20:47:49,3.0,sum by(chunk_owner) (mc_player_location),multipaper-server-5d4c584f66-ll7ns
2025-06-16 20:47:50,2.0,sum by(chunk_owner) (mc_player_location),multipaper-server-5d4c584f66-ll7ns
2025-06-16 20:47:51,2.0,sum by(chunk_owner) (mc_player_location),multipaper-server-5d4c584f66-ll7ns
2025-06-16 20:47:52,2.0,sum by(chunk_owner) (mc_player_location),multipaper-server-5d4c584f66-ll7ns
2025-06-16 20:47:53,1.0,sum by(chunk_owner) (mc_player_location),multipaper-server-5d4c584f66-ll7ns
2025-06-16 20:47:54,1.0,sum by(chunk_owner) (mc_player_location),multipaper-server-5d4c584f66-ll7ns
2025-06-16 20:47:55,2.0,sum by(chunk_owner) (mc_player_location),multipaper-server-5d4c584f66-ll7ns
2025-06-16 20:47:56,1.0,sum by(chunk_owner) (mc_player_location),multipaper-server-5d4c584f66-ll7ns
2025-06-16 20:47:57,2.0,sum by(chunk_owner) (mc_player_location),multipaper-server-5d4c584f66-ll7ns
2025-06-16 20:47:58,2.0,sum by(chunk_owner) (mc_player_location),multipaper-server-5d4c584f66-ll7ns
2025-06-16 20:47:59,2.0,sum by(chunk_owner) (mc_player_location),multipaper-server-5d4c584f66-ll7ns
2025-06-16 20:48:00,3.0,sum by(chunk_owner) (mc_player_location),multipaper-server-5d4c584f66-ll7ns
2025-06-16 20:48:01,3.0,sum by(chunk_owner) (mc_player_location),multipaper-server-5d4c584f66-ll7ns
2025-06-16 20:48:02,3.0,sum by(chunk_owner) (mc_player_location),multipaper-server-5d4c584f66-ll7ns
2025-06-16 20:48:03,3.0,sum by(chunk_owner) (mc_player_location),multipaper-server-5d4c584f66-ll7ns
2025-06-16 20:48:04,3.0,sum by(chunk_owner) (mc_player_location),multipaper-server-5d4c584f66-ll7ns
2025-06-16 20:48:05,2.0,sum by(chunk_owner) (mc_player_location),multipaper-server-5d4c584f66-ll7ns
2025-06-16 20:48:06,2.0,sum by(chunk_owner) (mc_player_location),multipaper-server-5d4c584f66-ll7ns
2025-06-16 20:48:07,2.0,sum by(chunk_owner) (mc_player_location),multipaper-server-5d4c584f66-ll7ns
2025-06-16 20:48:08,2.0,sum by(chunk_owner) (mc_player_location),multipaper-server-5d4c584f66-ll7ns
2025-06-16 20:48:09,2.0,sum by(chunk_owner) (mc_player_location),multipaper-server-5d4c584f66-ll7ns
2025-06-16 20:48:10,3.0,sum by(chunk_owner) (mc_player_location),multipaper-server-5d4c584f66-ll7ns
2025-06-16 20:48:11,2.0,sum by(chunk_owner) (mc_player_location),multipaper-server-5d4c584f66-ll7ns
2025-06-16 20:48:12,2.0,sum by(chunk_owner) (mc_player_location),multipaper-server-5d4c584f66-ll7ns
2025-06-16 20:48:13,2.0,sum by(chunk_owner) (mc_player_location),multipaper-server-5d4c584f66-ll7ns
2025-06-16 20:48:14,2.0,sum by(chunk_owner) (mc_player_location),multipaper-server-5d4c584f66-ll7ns
2025-06-16 20:48:15,3.0,sum by(chunk_owner) (mc_player_location),multipaper-server-5d4c584f66-ll7ns
2025-06-16 20:48:16,3.0,sum by(chunk_owner) (mc_player_location),multipaper-server-5d4c584f66-ll7ns
2025-06-16 20:48:17,2.0,sum by(chunk_owner) (mc_player_location),multipaper-server-5d4c584f66-ll7ns
2025-06-16 20:48:18,2.0,sum by(chunk_owner) (mc_player_location),multipaper-server-5d4c584f66-ll7ns
2025-06-16 20:48:19,4.0,sum by(chunk_owner) (mc_player_location),multipaper-server-5d4c584f66-ll7ns
2025-06-16 20:48:20,4.0,sum by(chunk_owner) (mc_player_location),multipaper-server-5d4c584f66-ll7ns
2025-06-16 20:48:21,3.0,sum by(chunk_owner) (mc_player_location),multipaper-server-5d4c584f66-ll7ns
2025-06-16 20:48:22,3.0,sum by(chunk_owner) (mc_player_location),multipaper-server-5d4c584f66-ll7ns
2025-06-16 20:48:23,4.0,sum by(chunk_owner) (mc_player_location),multipaper-server-5d4c584f66-ll7ns
2025-06-16 20:48:24,4.0,sum by(chunk_owner) (mc_player_location),multipaper-server-5d4c584f66-ll7ns
2025-06-16 20:48:25,4.0,sum by(chunk_owner) (mc_player_location),multipaper-server-5d4c584f66-ll7ns
2025-06-16 20:48:26,4.0,sum by(chunk_owner) (mc_player_location),multipaper-server-5d4c584f66-ll7ns
2025-06-16 20:48:27,5.0,sum by(chunk_owner) (mc_player_location),multipaper-server-5d4c584f66-ll7ns
2025-06-16 20:48:28,4.0,sum by(chunk_owner) (mc_player_location),multipaper-server-5d4c584f66-ll7ns
2025-06-16 20:48:29,5.0,sum by(chunk_owner) (mc_player_location),multipaper-server-5d4c584f66-ll7ns
2025-06-16 20:48:30,5.0,sum by(chunk_owner) (mc_player_location),multipaper-server-5d4c584f66-ll7ns
2025-06-16 20:48:31,6.0,sum by(chunk_owner) (mc_player_location),multipaper-server-5d4c584f66-ll7ns
2025-06-16 20:48:32,6.0,sum by(chunk_owner) (mc_player_location),multipaper-server-5d4c584f66-ll7ns
2025-06-16 20:48:33,7.0,sum by(chunk_owner) (mc_player_location),multipaper-server-5d4c584f66-ll7ns
2025-06-16 20:48:34,8.0,sum by(chunk_owner) (mc_player_location),multipaper-server-5d4c584f66-ll7ns
2025-06-16 20:48:35,6.0,sum by(chunk_owner) (mc_player_location),multipaper-server-5d4c584f66-ll7ns
2025-06-16 20:48:36,7.0,sum by(chunk_owner) (mc_player_location),multipaper-server-5d4c584f66-ll7ns
2025-06-16 20:48:37,8.0,sum by(chunk_owner) (mc_player_location),multipaper-server-5d4c584f66-ll7ns
2025-06-16 20:48:38,9.0,sum by(chunk_owner) (mc_player_location),multipaper-server-5d4c584f66-ll7ns
2025-06-16 20:48:39,10.0,sum by(chunk_owner) (mc_player_location),multipaper-server-5d4c584f66-ll7ns
2025-06-16 20:48:40,9.0,sum by(chunk_owner) (mc_player_location),multipaper-server-5d4c584f66-ll7ns
2025-06-16 20:48:41,8.0,sum by(chunk_owner) (mc_player_location),multipaper-server-5d4c584f66-ll7ns
2025-06-16 20:48:42,9.0,sum by(chunk_owner) (mc_player_location),multipaper-server-5d4c584f66-ll7ns
2025-06-16 20:48:43,10.0,sum by(chunk_owner) (mc_player_location),multipaper-server-5d4c584f66-ll7ns
2025-06-16 20:48:44,8.0,sum by(chunk_owner) (mc_player_location),multipaper-server-5d4c584f66-ll7ns
2025-06-16 20:48:45,9.0,sum by(chunk_owner) (mc_player_location),multipaper-server-5d4c584f66-ll7ns
2025-06-16 20:48:46,9.0,sum by(chunk_owner) (mc_player_location),multipaper-server-5d4c584f66-ll7ns
2025-06-16 20:48:47,9.0,sum by(chunk_owner) (mc_player_location),multipaper-server-5d4c584f66-ll7ns
2025-06-16 20:48:48,10.0,sum by(chunk_owner) (mc_player_location),multipaper-server-5d4c584f66-ll7ns
2025-06-16 20:48:49,9.0,sum by(chunk_owner) (mc_player_location),multipaper-server-5d4c584f66-ll7ns
2025-06-16 20:48:50,10.0,sum by(chunk_owner) (mc_player_location),multipaper-server-5d4c584f66-ll7ns
2025-06-16 20:48:51,9.0,sum by(chunk_owner) (mc_player_location),multipaper-server-5d4c584f66-ll7ns
2025-06-16 20:48:52,9.0,sum by(chunk_owner) (mc_player_location),multipaper-server-5d4c584f66-ll7ns
2025-06-16 20:48:53,9.0,sum by(chunk_owner) (mc_player_location),multipaper-server-5d4c584f66-ll7ns
2025-06-16 20:48:54,9.0,sum by(chunk_owner) (mc_player_location),multipaper-server-5d4c584f66-ll7ns
2025-06-16 20:48:55,7.0,sum by(chunk_owner) (mc_player_location),multipaper-server-5d4c584f66-ll7ns
2025-06-16 20:48:56,8.0,sum by(chunk_owner) (mc_player_location),multipaper-server-5d4c584f66-ll7ns
2025-06-16 20:48:57,10.0,sum by(chunk_owner) (mc_player_location),multipaper-server-5d4c584f66-ll7ns
2025-06-16 20:48:58,8.0,sum by(chunk_owner) (mc_player_location),multipaper-server-5d4c584f66-ll7ns
2025-06-16 20:48:59,6.0,sum by(chunk_owner) (mc_player_location),multipaper-server-5d4c584f66-ll7ns
2025-06-16 20:49:00,6.0,sum by(chunk_owner) (mc_player_location),multipaper-server-5d4c584f66-ll7ns
2025-06-16 20:49:01,6.0,sum by(chunk_owner) (mc_player_location),multipaper-server-5d4c584f66-ll7ns
2025-06-16 20:49:02,4.0,sum by(chunk_owner) (mc_player_location),multipaper-server-5d4c584f66-ll7ns
2025-06-16 20:49:03,4.0,sum by(chunk_owner) (mc_player_location),multipaper-server-5d4c584f66-ll7ns
2025-06-16 20:49:04,2.0,sum by(chunk_owner) (mc_player_location),multipaper-server-5d4c584f66-ll7ns
2025-06-16 20:49:05,4.0,sum by(chunk_owner) (mc_player_location),multipaper-server-5d4c584f66-ll7ns
2025-06-16 20:49:06,4.0,sum by(chunk_owner) (mc_player_location),multipaper-server-5d4c584f66-ll7ns
2025-06-16 20:49:07,5.0,sum by(chunk_owner) (mc_player_location),multipaper-server-5d4c584f66-ll7ns
2025-06-16 20:49:08,4.0,sum by(chunk_owner) (mc_player_location),multipaper-server-5d4c584f66-ll7ns
2025-06-16 20:49:09,3.0,sum by(chunk_owner) (mc_player_location),multipaper-server-5d4c584f66-ll7ns
2025-06-16 20:49:10,7.0,sum by(chunk_owner) (mc_player_location),multipaper-server-5d4c584f66-ll7ns
2025-06-16 20:49:11,7.0,sum by(chunk_owner) (mc_player_location),multipaper-server-5d4c584f66-ll7ns
2025-06-16 20:49:12,7.0,sum by(chunk_owner) (mc_player_location),multipaper-server-5d4c584f66-ll7ns
2025-06-16 20:49:13,6.0,sum by(chunk_owner) (mc_player_location),multipaper-server-5d4c584f66-ll7ns
2025-06-16 20:49:14,5.0,sum by(chunk_owner) (mc_player_location),multipaper-server-5d4c584f66-ll7ns
2025-06-16 20:49:15,6.0,sum by(chunk_owner) (mc_player_location),multipaper-server-5d4c584f66-ll7ns
2025-06-16 20:49:16,5.0,sum by(chunk_owner) (mc_player_location),multipaper-server-5d4c584f66-ll7ns
2025-06-16 20:49:17,5.0,sum by(chunk_owner) (mc_player_location),multipaper-server-5d4c584f66-ll7ns
2025-06-16 20:49:18,6.0,sum by(chunk_owner) (mc_player_location),multipaper-server-5d4c584f66-ll7ns
2025-06-16 20:49:19,7.0,sum by(chunk_owner) (mc_player_location),multipaper-server-5d4c584f66-ll7ns
2025-06-16 20:49:20,7.0,sum by(chunk_owner) (mc_player_location),multipaper-server-5d4c584f66-ll7ns
2025-06-16 20:49:21,7.0,sum by(chunk_owner) (mc_player_location),multipaper-server-5d4c584f66-ll7ns
2025-06-16 20:49:22,6.0,sum by(chunk_owner) (mc_player_location),multipaper-server-5d4c584f66-ll7ns
2025-06-16 20:49:23,8.0,sum by(chunk_owner) (mc_player_location),multipaper-server-5d4c584f66-ll7ns
2025-06-16 20:49:24,9.0,sum by(chunk_owner) (mc_player_location),multipaper-server-5d4c584f66-ll7ns
2025-06-16 20:49:25,9.0,sum by(chunk_owner) (mc_player_location),multipaper-server-5d4c584f66-ll7ns
2025-06-16 20:49:26,9.0,sum by(chunk_owner) (mc_player_location),multipaper-server-5d4c584f66-ll7ns
2025-06-16 20:49:27,9.0,sum by(chunk_owner) (mc_player_location),multipaper-server-5d4c584f66-ll7ns
2025-06-16 20:49:28,8.0,sum by(chunk_owner) (mc_player_location),multipaper-server-5d4c584f66-ll7ns
2025-06-16 20:49:29,9.0,sum by(chunk_owner) (mc_player_location),multipaper-server-5d4c584f66-ll7ns
2025-06-16 20:49:30,8.0,sum by(chunk_owner) (mc_player_location),multipaper-server-5d4c584f66-ll7ns
2025-06-16 20:49:31,7.0,sum by(chunk_owner) (mc_player_location),multipaper-server-5d4c584f66-ll7ns
2025-06-16 20:49:32,7.0,sum by(chunk_owner) (mc_player_location),multipaper-server-5d4c584f66-ll7ns
2025-06-16 20:49:33,7.0,sum by(chunk_owner) (mc_player_location),multipaper-server-5d4c584f66-ll7ns
2025-06-16 20:49:34,6.0,sum by(chunk_owner) (mc_player_location),multipaper-server-5d4c584f66-ll7ns
2025-06-16 20:49:35,7.0,sum by(chunk_owner) (mc_player_location),multipaper-server-5d4c584f66-ll7ns
2025-06-16 20:49:36,10.0,sum by(chunk_owner) (mc_player_location),multipaper-server-5d4c584f66-ll7ns
2025-06-16 20:49:37,10.0,sum by(chunk_owner) (mc_player_location),multipaper-server-5d4c584f66-ll7ns
2025-06-16 20:49:38,9.0,sum by(chunk_owner) (mc_player_location),multipaper-server-5d4c584f66-ll7ns
2025-06-16 20:49:39,7.0,sum by(chunk_owner) (mc_player_location),multipaper-server-5d4c584f66-ll7ns
2025-06-16 20:49:40,7.0,sum by(chunk_owner) (mc_player_location),multipaper-server-5d4c584f66-ll7ns
2025-06-16 20:49:41,8.0,sum by(chunk_owner) (mc_player_location),multipaper-server-5d4c584f66-ll7ns
2025-06-16 20:49:42,8.0,sum by(chunk_owner) (mc_player_location),multipaper-server-5d4c584f66-ll7ns
2025-06-16 20:49:43,7.0,sum by(chunk_owner) (mc_player_location),multipaper-server-5d4c584f66-ll7ns
2025-06-16 20:49:44,10.0,sum by(chunk_owner) (mc_player_location),multipaper-server-5d4c584f66-ll7ns
2025-06-16 20:49:45,11.0,sum by(chunk_owner) (mc_player_location),multipaper-server-5d4c584f66-ll7ns
2025-06-16 20:49:46,11.0,sum by(chunk_owner) (mc_player_location),multipaper-server-5d4c584f66-ll7ns
2025-06-16 20:49:47,10.0,sum by(chunk_owner) (mc_player_location),multipaper-server-5d4c584f66-ll7ns
2025-06-16 20:49:48,10.0,sum by(chunk_owner) (mc_player_location),multipaper-server-5d4c584f66-ll7ns
2025-06-16 20:49:49,9.0,sum by(chunk_owner) (mc_player_location),multipaper-server-5d4c584f66-ll7ns
2025-06-16 20:49:50,8.0,sum by(chunk_owner) (mc_player_location),multipaper-server-5d4c584f66-ll7ns
2025-06-16 20:49:51,10.0,sum by(chunk_owner) (mc_player_location),multipaper-server-5d4c584f66-ll7ns
2025-06-16 20:49:52,8.0,sum by(chunk_owner) (mc_player_location),multipaper-server-5d4c584f66-ll7ns
2025-06-16 20:49:53,9.0,sum by(chunk_owner) (mc_player_location),multipaper-server-5d4c584f66-ll7ns
2025-06-16 20:49:54,8.0,sum by(chunk_owner) (mc_player_location),multipaper-server-5d4c584f66-ll7ns
2025-06-16 20:49:55,8.0,sum by(chunk_owner) (mc_player_location),multipaper-server-5d4c584f66-ll7ns
2025-06-16 20:49:56,10.0,sum by(chunk_owner) (mc_player_location),multipaper-server-5d4c584f66-ll7ns
2025-06-16 20:49:57,10.0,sum by(chunk_owner) (mc_player_location),multipaper-server-5d4c584f66-ll7ns
2025-06-16 20:49:58,10.0,sum by(chunk_owner) (mc_player_location),multipaper-server-5d4c584f66-ll7ns
2025-06-16 20:49:59,11.0,sum by(chunk_owner) (mc_player_location),multipaper-server-5d4c584f66-ll7ns
2025-06-16 20:50:00,10.0,sum by(chunk_owner) (mc_player_location),multipaper-server-5d4c584f66-ll7ns
2025-06-16 20:50:01,10.0,sum by(chunk_owner) (mc_player_location),multipaper-server-5d4c584f66-ll7ns
2025-06-16 20:50:02,10.0,sum by(chunk_owner) (mc_player_location),multipaper-server-5d4c584f66-ll7ns
2025-06-16 20:50:03,10.0,sum by(chunk_owner) (mc_player_location),multipaper-server-5d4c584f66-ll7ns
2025-06-16 20:50:04,10.0,sum by(chunk_owner) (mc_player_location),multipaper-server-5d4c584f66-ll7ns
2025-06-16 20:50:05,10.0,sum by(chunk_owner) (mc_player_location),multipaper-server-5d4c584f66-ll7ns
2025-06-16 20:50:06,10.0,sum by(chunk_owner) (mc_player_location),multipaper-server-5d4c584f66-ll7ns
2025-06-16 20:50:07,11.0,sum by(chunk_owner) (mc_player_location),multipaper-server-5d4c584f66-ll7ns
2025-06-16 20:50:08,13.0,sum by(chunk_owner) (mc_player_location),multipaper-server-5d4c584f66-ll7ns
2025-06-16 20:50:09,12.0,sum by(chunk_owner) (mc_player_location),multipaper-server-5d4c584f66-ll7ns
2025-06-16 20:50:10,12.0,sum by(chunk_owner) (mc_player_location),multipaper-server-5d4c584f66-ll7ns
2025-06-16 20:50:11,11.0,sum by(chunk_owner) (mc_player_location),multipaper-server-5d4c584f66-ll7ns
2025-06-16 20:50:12,12.0,sum by(chunk_owner) (mc_player_location),multipaper-server-5d4c584f66-ll7ns
2025-06-16 20:50:13,11.0,sum by(chunk_owner) (mc_player_location),multipaper-server-5d4c584f66-ll7ns
2025-06-16 20:50:14,13.0,sum by(chunk_owner) (mc_player_location),multipaper-server-5d4c584f66-ll7ns
2025-06-16 20:50:15,12.0,sum by(chunk_owner) (mc_player_location),multipaper-server-5d4c584f66-ll7ns
2025-06-16 20:50:16,13.0,sum by(chunk_owner) (mc_player_location),multipaper-server-5d4c584f66-ll7ns
2025-06-16 20:50:17,15.0,sum by(chunk_owner) (mc_player_location),multipaper-server-5d4c584f66-ll7ns
2025-06-16 20:50:18,14.0,sum by(chunk_owner) (mc_player_location),multipaper-server-5d4c584f66-ll7ns
2025-06-16 20:50:19,15.0,sum by(chunk_owner) (mc_player_location),multipaper-server-5d4c584f66-ll7ns
2025-06-16 20:50:20,14.0,sum by(chunk_owner) (mc_player_location),multipaper-server-5d4c584f66-ll7ns
2025-06-16 20:50:21,13.0,sum by(chunk_owner) (mc_player_location),multipaper-server-5d4c584f66-ll7ns
2025-06-16 20:50:22,13.0,sum by(chunk_owner) (mc_player_location),multipaper-server-5d4c584f66-ll7ns
2025-06-16 20:50:23,12.0,sum by(chunk_owner) (mc_player_location),multipaper-server-5d4c584f66-ll7ns
2025-06-16 20:50:24,12.0,sum by(chunk_owner) (mc_player_location),multipaper-server-5d4c584f66-ll7ns
2025-06-16 20:50:25,11.0,sum by(chunk_owner) (mc_player_location),multipaper-server-5d4c584f66-ll7ns
2025-06-16 20:50:26,12.0,sum by(chunk_owner) (mc_player_location),multipaper-server-5d4c584f66-ll7ns
2025-06-16 20:50:27,13.0,sum by(chunk_owner) (mc_player_location),multipaper-server-5d4c584f66-ll7ns
2025-06-16 20:50:28,13.0,sum by(chunk_owner) (mc_player_location),multipaper-server-5d4c584f66-ll7ns
2025-06-16 20:50:29,13.0,sum by(chunk_owner) (mc_player_location),multipaper-server-5d4c584f66-ll7ns
2025-06-16 20:50:30,12.0,sum by(chunk_owner) (mc_player_location),multipaper-server-5d4c584f66-ll7ns
2025-06-16 20:50:31,12.0,sum by(chunk_owner) (mc_player_location),multipaper-server-5d4c584f66-ll7ns
2025-06-16 20:50:32,14.0,sum by(chunk_owner) (mc_player_location),multipaper-server-5d4c584f66-ll7ns
2025-06-16 20:50:33,11.0,sum by(chunk_owner) (mc_player_location),multipaper-server-5d4c584f66-ll7ns
2025-06-16 20:50:34,9.0,sum by(chunk_owner) (mc_player_location),multipaper-server-5d4c584f66-ll7ns
2025-06-16 20:50:35,10.0,sum by(chunk_owner) (mc_player_location),multipaper-server-5d4c584f66-ll7ns
2025-06-16 20:50:36,11.0,sum by(chunk_owner) (mc_player_location),multipaper-server-5d4c584f66-ll7ns
2025-06-16 20:50:37,12.0,sum by(chunk_owner) (mc_player_location),multipaper-server-5d4c584f66-ll7ns
2025-06-16 20:50:38,14.0,sum by(chunk_owner) (mc_player_location),multipaper-server-5d4c584f66-ll7ns
2025-06-16 20:50:39,15.0,sum by(chunk_owner) (mc_player_location),multipaper-server-5d4c584f66-ll7ns
2025-06-16 20:50:40,16.0,sum by(chunk_owner) (mc_player_location),multipaper-server-5d4c584f66-ll7ns
2025-06-16 20:50:41,14.0,sum by(chunk_owner) (mc_player_location),multipaper-server-5d4c584f66-ll7ns
2025-06-16 20:50:42,11.0,sum by(chunk_owner) (mc_player_location),multipaper-server-5d4c584f66-ll7ns
2025-06-16 20:50:43,11.0,sum by(chunk_owner) (mc_player_location),multipaper-server-5d4c584f66-ll7ns
2025-06-16 20:50:44,9.0,sum by(chunk_owner) (mc_player_location),multipaper-server-5d4c584f66-ll7ns
2025-06-16 20:50:45,9.0,sum by(chunk_owner) (mc_player_location),multipaper-server-5d4c584f66-ll7ns
2025-06-16 20:50:46,10.0,sum by(chunk_owner) (mc_player_location),multipaper-server-5d4c584f66-ll7ns
2025-06-16 20:50:47,10.0,sum by(chunk_owner) (mc_player_location),multipaper-server-5d4c584f66-ll7ns
2025-06-16 20:50:48,13.0,sum by(chunk_owner) (mc_player_location),multipaper-server-5d4c584f66-ll7ns
2025-06-16 20:50:49,13.0,sum by(chunk_owner) (mc_player_location),multipaper-server-5d4c584f66-ll7ns
2025-06-16 20:50:50,13.0,sum by(chunk_owner) (mc_player_location),multipaper-server-5d4c584f66-ll7ns
2025-06-16 20:50:51,13.0,sum by(chunk_owner) (mc_player_location),multipaper-server-5d4c584f66-ll7ns
2025-06-16 20:50:52,11.0,sum by(chunk_owner) (mc_player_location),multipaper-server-5d4c584f66-ll7ns
2025-06-16 20:50:53,14.0,sum by(chunk_owner) (mc_player_location),multipaper-server-5d4c584f66-ll7ns
2025-06-16 20:50:54,14.0,sum by(chunk_owner) (mc_player_location),multipaper-server-5d4c584f66-ll7ns
2025-06-16 20:50:55,15.0,sum by(chunk_owner) (mc_player_location),multipaper-server-5d4c584f66-ll7ns
2025-06-16 20:50:56,14.0,sum by(chunk_owner) (mc_player_location),multipaper-server-5d4c584f66-ll7ns
2025-06-16 20:50:57,14.0,sum by(chunk_owner) (mc_player_location),multipaper-server-5d4c584f66-ll7ns
2025-06-16 20:50:58,16.0,sum by(chunk_owner) (mc_player_location),multipaper-server-5d4c584f66-ll7ns
2025-06-16 20:50:59,16.0,sum by(chunk_owner) (mc_player_location),multipaper-server-5d4c584f66-ll7ns
2025-06-16 20:51:00,18.0,sum by(chunk_owner) (mc_player_location),multipaper-server-5d4c584f66-ll7ns
2025-06-16 20:51:01,18.0,sum by(chunk_owner) (mc_player_location),multipaper-server-5d4c584f66-ll7ns
2025-06-16 20:51:02,18.0,sum by(chunk_owner) (mc_player_location),multipaper-server-5d4c584f66-ll7ns
2025-06-16 20:51:03,20.0,sum by(chunk_owner) (mc_player_location),multipaper-server-5d4c584f66-ll7ns
2025-06-16 20:51:04,21.0,sum by(chunk_owner) (mc_player_location),multipaper-server-5d4c584f66-ll7ns
2025-06-16 20:51:05,21.0,sum by(chunk_owner) (mc_player_location),multipaper-server-5d4c584f66-ll7ns
2025-06-16 20:51:06,20.0,sum by(chunk_owner) (mc_player_location),multipaper-server-5d4c584f66-ll7ns
2025-06-16 20:51:07,19.0,sum by(chunk_owner) (mc_player_location),multipaper-server-5d4c584f66-ll7ns
2025-06-16 20:51:08,18.0,sum by(chunk_owner) (mc_player_location),multipaper-server-5d4c584f66-ll7ns
2025-06-16 20:51:09,21.0,sum by(chunk_owner) (mc_player_location),multipaper-server-5d4c584f66-ll7ns
2025-06-16 20:51:10,21.0,sum by(chunk_owner) (mc_player_location),multipaper-server-5d4c584f66-ll7ns
